# File generated by ImageToStl.com - Free Image and 3D model conversion tools

mtllib AUGbody.mtl

o obj1
v 0.39666715 -0.12183663 0.12259649
v -0.22255361 0.05931886 0.12395589
v -0.03994089 -0.05576886 0.12332796
v -0.17288128 -0.12976311 0.12320419
v -0.4060905 -0.05667025 0.12373412
v 1.73259234 0.08652763 0.12186964
v -0.66070539 -0.06191374 0.12399955
v -1.03940892 0.04795103 0.12482768
v 1.7315836 0.16765432 0.15407638
v -0.22356224 0.14044555 0.15616293
v 0.90703285 -0.261911 0.12150988
v 1.32750058 -0.54463708 0.11999885
v 1.65284133 -0.54010957 0.11965153
v 1.65090775 -0.60180217 0.11942669
v 1.64334607 -0.66250771 0.11921163
v 1.27072704 -0.6676935 0.1196092
v 1.26994514 -0.60710382 0.11983309
v 0.43859535 -0.24553189 0.12209402
v 0.88193464 -0.36056328 0.12117482
v 1.61237025 0.33956522 0.05961504
v -0.22591406 0.31398261 0.06157687
v -0.717439 -0.12577537 0.1238278
v -0.93815655 -0.0674746 0.12428939
v -0.81099206 -0.20092133 0.12365597
v -1.03789186 -0.0696568 0.12439287
v -0.71650845 -0.19790663 0.12356123
v -0.57531005 -0.56513208 0.12205135
v -0.47388142 -0.56139851 0.12195157
v -0.44810361 -0.62728971 0.12168016
v -0.32783973 -0.55775928 0.12180171
v -0.03494403 -0.62154007 0.12123934
v -0.27345699 -0.49392438 0.12197597
v -0.0359548 -0.54318422 0.12152889
v -0.16291085 -0.18941917 0.12297335
v -0.40433466 -0.19277902 0.12323099
v -0.1731984 -0.12863719 -0.13109384
v -0.17288128 -0.12976311 0.12320419
v -0.16291085 -0.18941917 0.12297335
v -0.16322801 -0.18829344 -0.13132451
v -0.0359548 -0.54318422 0.12152889
v -0.03627193 -0.54205841 -0.13276914
v -0.03494403 -0.62154007 0.12123934
v -0.03526112 -0.62041414 -0.13305868
v -0.717439 -0.12577537 0.1238278
v -0.71775597 -0.12465026 -0.1304701
v -0.66102248 -0.06078768 -0.1302985
v -0.66070539 -0.06191374 0.12399955
v -0.71650845 -0.19790663 0.12356123
v -0.71682554 -0.19678073 -0.1307368
v -0.47388142 -0.56139851 0.12195157
v -0.47419858 -0.56027275 -0.1323463
v -0.22591406 0.31398261 0.06157687
v 1.61237025 0.33956522 0.05961504
v -0.22607267 0.31454545 -0.06558869
v 1.61221147 0.34012812 -0.06755033
v -0.32783973 -0.55775928 0.12180171
v -0.47419858 -0.56027275 -0.1323463
v -0.47388142 -0.56139851 0.12195157
v -0.32815683 -0.55663353 -0.13249645
v -0.57562709 -0.56400615 -0.13224667
v -0.57531005 -0.56513208 0.12205135
v -0.79232603 -0.22839026 -0.13076873
v -0.81099206 -0.20092133 0.12365597
v -0.81131059 -0.19979589 -0.13064219
v -0.93815655 -0.0674746 0.12428939
v -0.93847352 -0.06634885 -0.13000864
v -0.27345699 -0.49392438 0.12197597
v -0.32815683 -0.55663353 -0.13249645
v -0.32783973 -0.55775928 0.12180171
v -0.27377403 -0.49279863 -0.13232219
v -0.40433466 -0.19277902 0.12323099
v -0.40465164 -0.19165328 -0.13106704
v -0.4060905 -0.05667025 0.12373412
v -0.40640748 -0.05554451 -0.13056388
v 1.26962829 -0.60597813 -0.13446482
v 1.32750058 -0.54463708 0.11999885
v 1.32718349 -0.54351127 -0.13429934
v 1.26994514 -0.60710382 0.11983309
v 1.27040982 -0.66656768 -0.13468872
v 1.27072704 -0.6676935 0.1196092
v 1.27040982 -0.66656768 -0.13468872
v 1.64302897 -0.66138208 -0.13508654
v 1.64334607 -0.66250771 0.11921163
v 1.27072704 -0.6676935 0.1196092
v -0.57531005 -0.56513208 0.12205135
v -0.57562709 -0.56400615 -0.13224667
v -0.4484207 -0.62616414 -0.13261773
v -0.44810361 -0.62728971 0.12168016
v -0.03526112 -0.62041414 -0.13305868
v -0.03494403 -0.62154007 0.12123934
v 0.43827829 -0.24440613 -0.13220386
v 0.88161767 -0.35943753 -0.1331232
v 0.43859535 -0.24553189 0.12209402
v 0.88193464 -0.36056328 0.12117482
v 0.90671581 -0.26078525 -0.13278814
v 1.32718349 -0.54351127 -0.13429934
v 0.90703285 -0.261911 0.12150988
v 1.32750058 -0.54463708 0.11999885
v 1.61221147 0.34012812 -0.06755033
v -0.22395831 0.14185105 -0.16145454
v -0.22607267 0.31454545 -0.06558869
v 1.73118758 0.16906016 -0.16354078
v -0.22287065 0.06044461 -0.13034213
v 1.73227525 0.08765371 -0.13242851
v 0.39635009 -0.12071089 -0.13170172
v 0.90671581 -0.26078525 -0.13278814
v 1.32718349 -0.54351127 -0.13429934
v 1.65252447 -0.53898358 -0.13464636
v 1.6505909 -0.6006763 -0.13487148
v 1.64302897 -0.66138208 -0.13508654
v 1.27040982 -0.66656768 -0.13468872
v 1.26962829 -0.60597813 -0.13446482
v 0.43827829 -0.24440613 -0.13220386
v 0.88161767 -0.35943753 -0.1331232
v -0.04025802 -0.05464312 -0.13097011
v -0.1731984 -0.12863719 -0.13109384
v -0.40640748 -0.05554451 -0.13056388
v -0.40465164 -0.19165328 -0.13106704
v -0.16322801 -0.18829344 -0.13132451
v -0.27377403 -0.49279863 -0.13232219
v -0.03627193 -0.54205841 -0.13276914
v -0.03526112 -0.62041414 -0.13305868
v -0.32815683 -0.55663353 -0.13249645
v -0.4484207 -0.62616414 -0.13261773
v -0.47419858 -0.56027275 -0.1323463
v -0.57562709 -0.56400615 -0.13224667
v -0.71682554 -0.19678073 -0.1307368
v -0.79232603 -0.22839026 -0.13076873
v -0.81131059 -0.19979589 -0.13064219
v -0.71775597 -0.12465026 -0.1304701
v -0.93847352 -0.06634885 -0.13000864
v -0.66102248 -0.06078768 -0.1302985
v -1.03972602 0.04907678 -0.12947048
v -1.0382092 -0.06853077 -0.12990513
v 0.43827829 -0.24440613 -0.13220386
v 0.39666715 -0.12183663 0.12259649
v 0.39635009 -0.12071089 -0.13170172
v 0.43859535 -0.24553189 0.12209402
v -0.17288128 -0.12976311 0.12320419
v -0.1731984 -0.12863719 -0.13109384
v -0.04025802 -0.05464312 -0.13097011
v -0.03994089 -0.05576886 0.12332796
v 0.39635009 -0.12071089 -0.13170172
v 0.39666715 -0.12183663 0.12259649
v -0.66102248 -0.06078768 -0.1302985
v -0.40640748 -0.05554451 -0.13056388
v -0.66070539 -0.06191374 0.12399955
v -0.4060905 -0.05667025 0.12373412
v 0.88193464 -0.36056328 0.12117482
v 0.88161767 -0.35943753 -0.1331232
v 0.90671581 -0.26078525 -0.13278814
v 0.90703285 -0.261911 0.12150988
v -1.05967736 -0.37082607 0.07001542
v -0.9944827 -0.15859526 0.02929448
v -1.02411079 -0.12503731 0.07088055
v -1.1689713 -0.12705356 0.07103506
v -1.0156734 -0.37002975 0.02853987
v -1.01573396 -0.36981404 -0.02017683
v -0.99454337 -0.15837973 -0.01942207
v -1.03001165 -0.51470137 0.06945253
v -0.98602754 -0.51390517 0.02797698
v -1.02811837 -0.65896446 0.06891932
v -0.98416644 -0.65816879 0.0274437
v -0.98608845 -0.51368934 -0.02073972
v -1.16190791 -0.66082627 0.06906201
v -1.02643418 -0.78880143 0.06843937
v -1.20184445 -0.7912423 0.06862655
v -1.20644045 -0.66126204 0.02768089
v -1.17775631 -0.51675761 0.06961023
v -1.16578507 -0.37230283 0.07012881
v -1.2101624 -0.3727363 0.02874745
v -1.22219348 -0.51719183 0.02822891
v -1.22225428 -0.51697606 -0.02048765
v -1.20650125 -0.66104633 -0.02103581
v -1.1779201 -0.51617497 -0.06196497
v -1.1620717 -0.66024381 -0.06251305
v -1.20200849 -0.79065979 -0.06294849
v -1.24644113 -0.79167885 0.0272456
v -1.24650192 -0.79146314 -0.02147125
v -1.02659822 -0.7882188 -0.06313571
v -1.0282824 -0.65838188 -0.06265586
v -0.98422724 -0.65795308 -0.021273
v -0.98255223 -0.78778988 -0.02175275
v -0.98249155 -0.78800559 0.02696395
v -1.03017545 -0.51411909 -0.06212252
v -1.05984139 -0.37024361 -0.06155964
v -1.16913557 -0.1264711 -0.06053982
v -1.02427506 -0.12445493 -0.06069449
v -1.16594887 -0.37172025 -0.06144643
v -1.2102232 -0.37252063 -0.01996925
v -1.21338677 -0.12727091 -0.01906266
v -1.21332622 -0.12748662 0.0296539
v -1.02643418 -0.78880143 0.06843937
v -1.20184445 -0.7912423 0.06862655
v -1.02659822 -0.7882188 -0.06313571
v -1.20200849 -0.79065979 -0.06294849
v -1.24650192 -0.79146314 -0.02147125
v -1.24644113 -0.79167885 0.0272456
v -0.98255223 -0.78778988 -0.02175275
v -0.98249155 -0.78800559 0.02696395
v -1.1689713 -0.12705356 0.07103506
v -1.02411079 -0.12503731 0.07088055
v -1.16913557 -0.1264711 -0.06053982
v -1.21332622 -0.12748662 0.0296539
v -1.21338677 -0.12727091 -0.01906266
v -1.02427506 -0.12445493 -0.06069449
v -0.99454337 -0.15837973 -0.01942207
v -0.9944827 -0.15859526 0.02929448
vn 0.00112 -0.00368 0.99999
vn 0.00283 -0.12735 0.99185
vn 0.00112 -0.00368 0.99999
vn 0.00112 -0.00368 0.99999
vn 0.00112 -0.00368 0.99999
vn 0.00382 -0.19924 0.97994
vn 0.00112 -0.00368 0.99999
vn 0.00112 -0.00368 0.99999
vn 0.00155 -0.03488 0.99939
vn 0.0002 0.06234 0.99805
vn 0.00112 -0.00368 0.99999
vn 0.00112 -0.00368 0.99999
vn 0.00112 -0.00368 0.99999
vn 0.00112 -0.00368 0.99999
vn 0.00112 -0.00368 0.99999
vn 0.00112 -0.00368 0.99999
vn 0.00111 -0.00368 0.99999
vn 0.00112 -0.00335 0.99999
vn 0.00112 -0.00368 0.99999
vn -0.00573 0.47994 0.87728
vn -0.00575 0.4799 0.87731
vn 0.00112 -0.00368 0.99999
vn 0.00112 -0.00368 0.99999
vn 0.00112 -0.00368 0.99999
vn 0.00112 -0.00368 0.99999
vn 0.00112 -0.00368 0.99999
vn 0.00112 -0.00368 0.99999
vn 0.00112 -0.00368 0.99999
vn 0.00112 -0.00368 0.99999
vn 0.00112 -0.00368 0.99999
vn 0.00112 -0.00368 0.99999
vn 0.00112 -0.00368 0.99999
vn 0.00112 -0.00368 0.99999
vn 0.00112 -0.00368 0.99999
vn 0.00112 -0.00368 0.99999
vn 0.89593 -0.4442 -0.00264
vn 0.89593 -0.44419 -0.00264
vn 0.96676 0.25569 -8E-05
vn 0.9668 0.25553 -8E-05
vn 0.98371 0.17978 -0.00043
vn 0.98362 0.18026 -0.00043
vn 0.99992 0.0129 -0.00119
vn 0.99992 0.0129 -0.00119
vn 0.9371 -0.34905 -0.00271
vn 0.93699 -0.34935 -0.00271
vn 0.43195 -0.90189 -0.00435
vn 0.43194 -0.90189 -0.00435
vn 0.95508 0.29636 0.00012
vn 0.95516 0.29609 0.00012
vn 0.46978 0.88278 0.003
vn 0.46978 0.88278 0.00299
vn -0.01391 0.99989 0.00444
vn -0.01391 0.99989 0.00444
vn -0.01391 0.99989 0.00444
vn -0.01391 0.99989 0.00444
vn -0.42182 0.90667 0.0045
vn 0.4534 0.8913 0.00343
vn 0.4534 0.8913 0.00343
vn -0.42182 0.90667 0.0045
vn -0.66549 -0.7464 -0.0024
vn -0.6656 -0.74631 -0.0024
vn -0.8402 -0.54228 -0.00142
vn -0.78463 -0.61996 -0.00193
vn -0.78457 -0.62003 -0.00177
vn -0.72279 -0.69107 -0.00217
vn -0.72289 -0.69096 -0.00216
vn -0.98869 0.14999 0.00189
vn -0.43836 0.89879 0.00433
vn -0.43836 0.89879 0.00433
vn -0.98874 0.14963 0.00189
vn -0.97742 -0.21129 0.00028
vn -0.97753 -0.21079 0.00029
vn -0.99992 -0.0129 0.00119
vn -0.99992 -0.0129 0.00119
vn -0.93439 0.35624 0.00274
vn -0.73692 0.67597 0.00391
vn -0.73692 0.67597 0.00391
vn -0.93441 0.35618 0.00274
vn -0.99992 -0.0129 0.00119
vn -0.99992 -0.0129 0.00119
vn 0.01391 -0.99989 -0.00444
vn 0.66477 -0.74704 -0.00408
vn 0.66477 -0.74704 -0.00405
vn 0.01391 -0.99989 -0.00444
vn -0.66316 -0.74847 -0.00254
vn -0.66317 -0.74847 -0.00259
vn -0.21427 -0.97677 -0.00406
vn -0.21424 -0.97677 -0.00405
vn 0.01391 -0.99989 -0.00444
vn 0.01391 -0.99989 -0.00444
vn -0.24763 -0.96885 -0.00398
vn -0.24763 -0.96885 -0.00397
vn -0.24772 -0.96882 -0.00397
vn -0.24758 -0.96886 -0.00398
vn -0.55453 -0.83216 -0.00299
vn -0.55429 -0.83232 -0.00299
vn -0.55433 -0.83229 -0.00299
vn -0.55429 -0.83232 -0.00299
vn -0.0077 0.48686 -0.87345
vn -0.00205 0.0705 -0.99751
vn -0.0077 0.48661 -0.87359
vn -0.00067 -0.02869 -0.99959
vn 0.0006 -0.11936 -0.99285
vn 0.00165 -0.1924 -0.98131
vn -0.00112 0.00368 -0.99999
vn -0.00112 0.00368 -0.99999
vn -0.00112 0.00368 -0.99999
vn -0.00112 0.00368 -0.99999
vn -0.00112 0.00368 -0.99999
vn -0.00112 0.00368 -0.99999
vn -0.00112 0.00368 -0.99999
vn -0.00112 0.00368 -0.99999
vn -0.00112 0.00368 -0.99999
vn -0.00112 0.00368 -0.99999
vn -0.00112 0.00368 -0.99999
vn -0.00112 0.00368 -0.99999
vn -0.00112 0.00368 -0.99999
vn -0.00112 0.00368 -0.99999
vn -0.00112 0.00368 -0.99999
vn -0.00112 0.00368 -0.99999
vn -0.00112 0.00368 -0.99999
vn -0.00112 0.00368 -0.99999
vn -0.00112 0.00368 -0.99999
vn -0.00112 0.00368 -0.99999
vn -0.00112 0.00368 -0.99999
vn -0.00112 0.00368 -0.99999
vn -0.00112 0.00368 -0.99999
vn -0.00112 0.00368 -0.99999
vn -0.00112 0.00368 -0.99999
vn -0.00112 0.00368 -0.99999
vn -0.00112 0.00368 -0.99999
vn -0.00112 0.00368 -0.99999
vn -0.00112 0.00368 -0.99999
vn -0.00112 0.00368 -0.99999
vn -0.94577 -0.32483 -0.00026
vn -0.94574 -0.32492 -0.00026
vn -0.94576 -0.32488 -0.00026
vn -0.94571 -0.32501 -0.00026
vn 0.90571 -0.42388 -0.00315
vn 0.90577 -0.42375 -0.00315
vn 0.17671 -0.98425 -0.00458
vn 0.1765 -0.98429 -0.00458
vn -0.14962 -0.98873 -0.00419
vn -0.14962 -0.98873 -0.00419
vn 0.41524 -0.9097 -0.0045
vn 0.02197 -0.99975 -0.00446
vn 0.41524 -0.9097 -0.0045
vn 0.02154 -0.99976 -0.00446
vn 0.96913 -0.24655 -0.0023
vn 0.96913 -0.24655 -0.0023
vn 0.96913 -0.24655 -0.0023
vn 0.96913 -0.24655 -0.0023
vn 0.34576 0.00836 0.93829
vn 0.90392 -0.10183 0.4154
vn 0.34228 -0.04494 0.93852
vn -0.36589 -0.00816 0.93062
vn 0.91749 0.04026 0.39571
vn 0.91658 0.04347 -0.39749
vn 0.90275 -0.09869 -0.41869
vn 0.38722 0.04027 0.92111
vn 0.91716 0.0966 0.38664
vn 0.36973 0.00136 0.92914
vn 0.9184 0.0104 0.39551
vn 0.91626 0.09948 -0.38803
vn -0.32258 0.02407 0.94624
vn 0.3695 0.00134 0.92923
vn -0.42198 0.12638 0.89775
vn -0.90376 0.0885 0.4188
vn -0.38467 -0.00842 0.92302
vn -0.35624 0.00865 0.93435
vn -0.91435 0.03099 0.40374
vn -0.92029 -0.01335 0.391
vn -0.92123 -0.01046 -0.38887
vn -0.90482 0.09155 -0.41584
vn -0.38679 -0.0016 -0.92217
vn -0.32477 0.03101 -0.94528
vn -0.42426 0.13306 -0.89571
vn -0.89222 0.27246 0.36014
vn -0.89332 0.27518 -0.35532
vn 0.3675 0.00818 -0.92999
vn 0.3676 0.0082 -0.92995
vn 0.91745 0.01332 -0.39762
vn 0.91749 0.0133 -0.39753
vn 0.91831 0.01038 0.39572
vn 0.38515 0.04708 -0.92165
vn 0.34357 0.01508 -0.93901
vn -0.36791 -0.00131 -0.92986
vn 0.33993 -0.038 -0.93968
vn -0.3584 0.01551 -0.93344
vn -0.91535 0.03394 -0.40124
vn -0.91762 -0.01037 -0.39732
vn -0.9168 -0.0133 0.39912
vn 0.01391 -0.99989 -0.00445
vn 0.01391 -0.99989 -0.00444
vn 0.01391 -0.99989 -0.00445
vn 0.01391 -0.99989 -0.00444
vn 0.01391 -0.99989 -0.00444
vn 0.01391 -0.99989 -0.00444
vn 0.01391 -0.99989 -0.00445
vn 0.01391 -0.99989 -0.00445
vn -0.01391 0.99989 0.00444
vn 0.27216 0.96224 0.00392
vn -0.01391 0.99989 0.00444
vn -0.01391 0.99989 0.00444
vn -0.01391 0.99989 0.00444
vn 0.27199 0.96229 0.00392
vn 0.75085 0.66046 0.00199
vn 0.75086 0.66046 0.00199
vt 36.0432 -2.97273
vt 35.899 -2.93002
vt 35.9413 -2.95649
vt 35.91 -2.97273
vt 35.8558 -2.95555
vt 36.356 -2.93002
vt 35.7963 -2.95593
vt 35.7081 -2.93002
vt 36.356 -2.91174
vt 35.899 -2.91174
vt 36.162 -3.00585
vt 36.2594 -3.07078
vt 36.3354 -3.07078
vt 36.3348 -3.08466
vt 36.3328 -3.09829
vt 36.2458 -3.09829
vt 36.2458 -3.08466
vt 36.0526 -3.00069
vt 36.1558 -3.02797
vt 36.3287 -2.87277
vt 35.899 -2.87277
vt 35.7828 -2.97012
vt 35.7314 -2.95632
vt 35.7607 -2.98674
vt 35.7081 -2.95649
vt 35.7828 -2.98636
vt 35.8147 -3.06943
vt 35.8384 -3.06891
vt 35.8442 -3.08382
vt 35.8725 -3.06855
vt 35.9408 -3.08382
vt 35.8855 -3.05436
vt 35.9408 -3.06618
vt 35.9122 -2.98618
vt 35.8558 -2.98618
vt 36.0314 -2.97273
vt 35.9686 -2.97273
vt 35.9686 -2.98618
vt 36.0314 -2.98618
vt 35.9686 -3.06618
vt 36.0314 -3.06618
vt 35.9686 -3.08382
vt 36.0314 -3.08382
vt 35.9686 -2.97012
vt 36.0314 -2.97012
vt 36.0314 -2.95593
vt 35.9686 -2.95593
vt 35.9686 -2.98636
vt 36.0314 -2.98636
vt 35.9686 -3.06891
vt 36.0314 -3.06891
vt 36.101 -2.98432
vt 35.6713 -2.98432
vt 36.101 -3.01568
vt 35.6713 -3.01568
vt 36.1275 -2.96864
vt 36.1616 -3.03136
vt 36.1616 -2.96864
vt 36.1275 -3.03136
vt 35.9686 -3.06943
vt 36.0314 -3.06943
vt 35.9686 -2.99323
vt 36.0314 -2.98674
vt 35.9686 -2.98674
vt 36.0314 -2.95632
vt 35.9686 -2.95632
vt 36.0314 -3.05436
vt 35.9686 -3.06855
vt 36.0314 -3.06855
vt 35.9686 -3.05436
vt 36.0314 -2.95555
vt 35.9686 -2.95555
vt 35.9686 -3.08466
vt 36.0314 -3.07078
vt 35.9686 -3.07078
vt 36.0314 -3.08466
vt 35.9686 -3.09829
vt 36.0314 -3.09829
vt 36.2458 -3.03136
vt 36.3328 -3.03136
vt 36.3328 -2.96864
vt 36.2458 -2.96864
vt 35.8147 -2.96864
vt 35.8147 -3.03136
vt 35.8442 -3.03136
vt 35.8442 -2.96864
vt 35.9408 -3.03136
vt 35.9408 -2.96864
vt 36.0526 -3.03136
vt 36.1558 -3.03136
vt 36.0526 -2.96864
vt 36.1558 -2.96864
vt 36.162 -3.03136
vt 36.2594 -3.03136
vt 36.162 -2.96864
vt 36.2594 -2.96864
vt 35.6713 -2.87277
vt 36.101 -2.91174
vt 36.101 -2.87277
vt 35.644 -2.91174
vt 36.101 -2.93002
vt 35.644 -2.93002
vt 35.9568 -2.97273
vt 35.838 -3.00585
vt 35.7406 -3.07078
vt 35.6646 -3.07078
vt 35.6652 -3.08466
vt 35.6672 -3.09829
vt 35.7542 -3.09829
vt 35.7542 -3.08466
vt 35.9474 -3.00069
vt 35.8442 -3.02797
vt 36.0587 -2.95649
vt 36.09 -2.97273
vt 36.1442 -2.95555
vt 36.1442 -2.98618
vt 36.0878 -2.98618
vt 36.1145 -3.05436
vt 36.0592 -3.06618
vt 36.0592 -3.08382
vt 36.1275 -3.06855
vt 36.1558 -3.08382
vt 36.1616 -3.06891
vt 36.1853 -3.06943
vt 36.2172 -2.98636
vt 36.2349 -2.99323
vt 36.2393 -2.98674
vt 36.2172 -2.97012
vt 36.2686 -2.95632
vt 36.2037 -2.95593
vt 36.2919 -2.93002
vt 36.2919 -2.95649
vt 35.9686 -3.00069
vt 36.0314 -3.00069
vt 35.91 -2.96864
vt 35.91 -3.03136
vt 35.9413 -3.03136
vt 35.9413 -2.96864
vt 36.0432 -3.03136
vt 36.0432 -2.96864
vt 35.7963 -3.03136
vt 35.8558 -3.03136
vt 35.7963 -2.96864
vt 35.8558 -2.96864
vt 35.9686 -3.02797
vt 36.0314 -3.02797
vt 36.0314 -3.00585
vt 35.9686 -3.00585
vt 0 0
usemtl mat0
f 1/1/1 2/2/2 3/3/3
f 2/2/2 4/4/4 3/3/3
f 4/4/4 2/2/2 5/5/5
f 2/2/2 1/1/1 6/6/6
f 2/2/2 7/7/7 5/5/5
f 8/8/8 7/7/7 2/2/2
f 2/2/2 9/9/9 10/10/10
f 2/2/2 6/6/6 9/9/9
f 6/6/6 1/1/1 11/11/11
f 12/12/12 6/6/6 11/11/11
f 6/6/6 12/12/12 13/13/13
f 12/12/12 14/14/14 13/13/13
f 14/14/14 12/12/12 15/15/15
f 15/15/15 12/12/12 16/16/16
f 16/16/16 12/12/12 17/17/17
f 18/18/18 11/11/11 1/1/1
f 11/11/11 18/18/18 19/19/19
f 10/10/10 9/9/9 20/20/20
f 10/10/10 20/20/20 21/21/21
f 22/22/22 7/7/7 23/23/23
f 7/7/7 8/8/8 23/23/23
f 24/24/24 22/22/22 23/23/23
f 25/25/25 23/23/23 8/8/8
f 22/22/22 24/24/24 26/26/26
f 24/24/24 27/27/27 26/26/26
f 28/28/28 26/26/26 27/27/27
f 27/27/27 29/29/29 28/28/28
f 30/30/30 28/28/28 29/29/29
f 29/29/29 31/31/31 30/30/30
f 31/31/31 32/32/32 30/30/30
f 32/32/32 31/31/31 33/33/33
f 33/33/33 34/34/34 32/32/32
f 4/4/4 35/35/35 34/34/34
f 35/35/35 32/32/32 34/34/34
f 35/35/35 4/4/4 5/5/5
f 36/36/36 37/37/37 38/38/38
f 38/38/38 39/39/39 36/36/36
f 39/39/39 38/38/38 40/40/40
f 41/41/41 39/39/39 40/40/40
f 41/41/41 40/40/40 42/42/42
f 42/42/42 43/43/43 41/41/41
f 44/44/44 45/45/45 46/46/46
f 46/46/46 47/47/47 44/44/44
f 45/45/45 44/44/44 48/48/48
f 48/48/48 49/49/49 45/45/45
f 49/49/49 48/48/48 50/50/50
f 51/51/51 49/49/49 50/50/50
f 52/52/52 53/53/53 54/54/54
f 55/55/55 54/54/54 53/53/53
f 56/56/56 57/57/57 58/58/58
f 57/57/57 56/56/56 59/59/59
f 60/60/60 61/61/61 62/62/62
f 62/62/62 61/61/61 63/63/63
f 63/63/63 64/64/64 62/62/62
f 65/65/65 64/64/64 63/63/63
f 64/64/64 65/65/65 66/66/66
f 67/67/67 68/68/68 69/69/69
f 68/68/68 67/67/67 70/70/70
f 71/39/71 70/70/70 67/67/67
f 70/70/70 71/39/71 72/38/72
f 73/71/73 72/38/72 71/39/71
f 72/38/72 73/71/73 74/72/74
f 75/73/75 76/74/76 77/75/77
f 76/74/76 75/73/75 78/76/78
f 79/77/79 78/76/78 75/73/75
f 78/76/78 79/77/79 80/78/80
f 81/79/81 82/80/82 83/81/83
f 81/79/81 83/81/83 84/82/84
f 85/83/85 86/84/86 87/85/87
f 87/85/87 88/86/88 85/83/85
f 87/85/87 89/87/89 88/86/88
f 89/87/89 90/88/90 88/86/88
f 91/89/91 92/90/92 93/91/93
f 92/90/92 94/92/94 93/91/93
f 95/93/95 96/94/96 97/95/97
f 96/94/96 98/96/98 97/95/97
f 99/97/99 100/98/100 101/99/101
f 100/98/100 99/97/99 102/100/102
f 100/98/100 102/100/102 103/101/103
f 104/102/104 103/101/103 102/100/102
f 103/101/103 104/102/104 105/103/105
f 105/103/105 104/102/104 106/104/106
f 104/102/104 107/105/107 106/104/106
f 104/102/104 108/106/108 107/105/107
f 109/107/109 107/105/107 108/106/108
f 110/108/110 107/105/107 109/107/109
f 111/109/111 107/105/107 110/108/110
f 107/105/107 111/109/111 112/110/112
f 106/104/106 113/111/113 105/103/105
f 113/111/113 106/104/106 114/112/114
f 103/101/103 105/103/105 115/113/115
f 116/114/116 103/101/103 115/113/115
f 103/101/103 116/114/116 117/115/117
f 118/116/118 117/115/117 116/114/116
f 118/116/118 116/114/116 119/117/119
f 120/118/120 118/116/118 119/117/119
f 119/117/119 121/119/121 120/118/120
f 122/120/122 120/118/120 121/119/121
f 120/118/120 122/120/122 123/121/123
f 123/121/123 122/120/122 124/122/124
f 124/122/124 125/123/125 123/121/123
f 124/122/124 126/124/126 125/123/125
f 127/125/127 125/123/125 126/124/126
f 126/124/126 128/126/128 127/125/127
f 127/125/127 128/126/128 129/127/129
f 129/127/129 130/128/130 127/125/127
f 131/129/131 130/128/130 129/127/129
f 130/128/130 131/129/131 132/130/132
f 133/131/133 132/130/132 131/129/131
f 133/131/133 131/129/131 134/132/134
f 103/101/103 132/130/132 133/131/133
f 132/130/132 103/101/103 117/115/117
f 135/133/135 136/36/136 137/37/137
f 136/36/136 135/133/135 138/134/138
f 139/135/139 140/136/140 141/137/141
f 141/137/141 142/138/142 139/135/139
f 141/137/141 143/139/143 142/138/142
f 143/139/143 144/140/144 142/138/142
f 145/141/145 146/142/146 147/143/147
f 146/142/146 148/144/148 147/143/147
f 149/145/149 150/146/150 151/147/151
f 151/147/151 152/148/152 149/145/149
f 153/149/153 154/149/154 155/149/155
f 155/149/155 156/149/156 153/149/153
f 153/149/153 157/149/157 154/149/154
f 154/149/154 157/149/157 158/149/158
f 158/149/158 159/149/159 154/149/154
f 157/149/157 153/149/153 160/149/160
f 160/149/160 161/149/161 157/149/157
f 158/149/158 157/149/157 161/149/161
f 162/149/162 163/149/163 161/149/161
f 163/149/163 164/149/164 161/149/161
f 161/149/161 164/149/164 158/149/158
f 161/149/161 160/149/160 162/149/162
f 162/149/162 165/149/165 166/149/166
f 166/149/166 163/149/163 162/149/162
f 165/149/165 162/149/162 160/149/160
f 165/149/165 167/149/167 166/149/166
f 167/149/167 165/149/165 168/149/168
f 169/149/169 168/149/168 165/149/165
f 160/149/160 169/149/169 165/149/165
f 169/149/169 160/149/160 153/149/153
f 153/149/153 170/149/170 169/149/169
f 169/149/169 170/149/170 171/149/171
f 171/149/171 172/149/172 169/149/169
f 168/149/168 169/149/169 172/149/172
f 171/149/171 173/149/173 172/149/172
f 172/149/172 173/149/173 174/149/174
f 172/149/172 174/149/174 168/149/168
f 175/149/175 176/149/176 174/149/174
f 174/149/174 173/149/173 175/149/175
f 177/149/177 174/149/174 176/149/176
f 178/149/178 168/149/168 174/149/174
f 174/149/174 177/149/177 179/149/179
f 174/149/174 179/149/179 178/149/178
f 168/149/168 178/149/178 167/149/167
f 180/149/180 177/149/177 176/149/176
f 176/149/176 181/149/181 180/149/180
f 180/149/180 181/149/181 182/149/182
f 182/149/182 183/149/183 180/149/180
f 182/149/182 163/149/163 183/149/183
f 184/149/184 183/149/183 163/149/163
f 163/149/163 166/149/166 184/149/184
f 164/149/164 182/149/182 181/149/181
f 163/149/163 182/149/182 164/149/164
f 185/149/185 181/149/181 176/149/176
f 181/149/181 185/149/185 164/149/164
f 185/149/185 186/149/186 158/149/158
f 186/149/186 185/149/185 175/149/175
f 176/149/176 175/149/175 185/149/185
f 158/149/158 164/149/164 185/149/185
f 187/149/187 188/149/188 186/149/186
f 186/149/186 189/149/189 187/149/187
f 175/149/175 189/149/189 186/149/186
f 186/149/186 188/149/188 159/149/159
f 159/149/159 158/149/158 186/149/186
f 187/149/187 189/149/189 190/149/190
f 190/149/190 189/149/189 175/149/175
f 190/149/190 191/149/191 187/149/187
f 190/149/190 171/149/171 191/149/191
f 171/149/171 190/149/190 173/149/173
f 175/149/175 173/149/173 190/149/190
f 192/149/192 191/149/191 171/149/171
f 171/149/171 156/149/156 192/149/192
f 156/149/156 171/149/171 170/149/170
f 156/149/156 170/149/170 153/149/153
f 193/149/193 194/149/194 195/149/195
f 194/149/194 196/149/196 195/149/195
f 194/149/194 197/149/197 196/149/196
f 194/149/194 198/149/198 197/149/197
f 195/149/195 199/149/199 193/149/193
f 199/149/199 200/149/200 193/149/193
f 201/149/201 202/149/202 203/149/203
f 203/149/203 204/149/204 201/149/201
f 203/149/203 205/149/205 204/149/204
f 202/149/202 206/149/206 203/149/203
f 202/149/202 207/149/207 206/149/206
f 202/149/202 208/149/208 207/149/207
# Vertices: 208, normals: 208, texture coordinates: 149, faces: 198

o obj2
v 0.34193406 0.3918826 -0.03926063
v -0.0184266 0.32161391 -0.06142765
v -0.01924074 0.38685769 -0.03886472
v 0.38441199 0.32721823 -0.06186927
v -1.21032119 0.37028503 -0.03755924
v -1.33449674 0.30330229 -0.05998529
v -1.33247089 0.13825475 -0.14477101
v -0.01640093 0.15656652 -0.14621338
v -1.33138585 0.05684312 -0.1162321
v -0.0153158 0.07515512 -0.11767446
v 0.24842396 0.45956725 -0.02823523
v 0.24849173 0.45930433 0.02444757
v 0.2494095 0.38314295 -0.02855334
v 0.24834824 0.47100985 0.0305561
v 0.24826479 0.47133285 -0.03427774
v 0.24790221 0.50252426 -0.00171506
v 0.247776 0.51062763 -0.01942752
v 0.24751738 0.53001171 -0.02642738
v 0.24725673 0.54950136 -0.03395224
v 0.24723154 0.5521794 -0.02633486
v 0.24708338 0.56424576 -0.02019464
v 0.24727693 0.54932815 -0.01926633
v 0.24719644 0.5572542 -0.00148721
v 0.24713156 0.56405878 0.01727887
v 0.24732253 0.54915154 0.01619629
v 0.24729539 0.55193174 0.0233187
v 0.24734019 0.54917794 0.0308816
v 0.24758124 0.5297637 0.02322649
v 0.2478216 0.51045072 0.01603509
v 0.24947733 0.38288003 0.0241293
v -0.01640093 0.15656652 -0.14621338
v -0.01603273 0.15513848 0.13999058
v -0.0153158 0.07515512 -0.11767446
v -0.0184266 0.32161391 -0.06142765
v -0.01827541 0.32102782 0.05608887
v -0.01502189 0.07401524 0.11077604
v 0.29784587 0.41086447 -0.02190884
v 0.26951423 0.45382178 -0.0348689
v 0.26953119 0.45375592 -0.02169839
v 0.29782894 0.41093028 -0.03507931
v 0.29814932 0.38609248 -0.0351829
v 0.29816625 0.38602656 -0.02201245
v 0.2979137 0.41060191 0.03077397
v 0.26958203 0.45355898 0.01781406
v 0.26959899 0.45349342 0.03098453
v 0.29789677 0.41066772 0.01760348
v 0.29821712 0.38582993 0.0174999
v 0.29823402 0.38576412 0.03067052
v 0.38456318 0.32663202 0.05564741
v 0.34193406 0.3918826 -0.03926063
v 0.34202853 0.39151627 0.03416817
v 0.38441199 0.32721823 -0.06186927
v -0.99360758 0.39263225 0.03218947
v -0.99330407 0.36786115 0.01891554
v -0.99362439 0.39269763 0.019019
v -0.99328715 0.36779571 0.032086
v -0.99367517 0.39289474 -0.02049347
v -0.99337178 0.36812371 -0.03376712
v -0.99369222 0.39296031 -0.03366382
v -0.99335486 0.3680585 -0.02059679
v -1.0600121 -0.15247524 -0.00292367
v -1.07897973 -0.0507066 0.03805562
v -1.07766175 -0.15292376 0.03763011
v -1.06133032 -0.0502581 -0.00249815
v -1.0777657 -0.15251985 -0.04343742
v -1.0790844 -0.05030204 -0.04301178
v -1.09869337 0.5119018 0.0024128
v -1.09386754 0.48120081 -0.00684065
v -1.09870005 0.51192713 -0.00265645
v -1.09385061 0.48113507 0.00632966
v -1.08507037 0.48401785 -0.00025394
v -1.08469629 0.45201504 -0.0317992
v -1.08519483 0.49200183 -0.0174413
v -1.084553 0.44137019 -0.02677275
v -1.08448505 0.44110727 0.02591005
v -1.08461571 0.45170176 0.03102484
v -1.08515048 0.49182987 0.01700057
v -1.08541369 0.51360315 0.03128257
v -1.08538628 0.51086295 0.02468589
v -1.08542371 0.5136413 0.02367808
v -1.08355951 0.36434591 -0.02709362
v -1.08349156 0.36408299 0.02558935
v -1.08549476 0.51391631 -0.03154149
v -1.08545017 0.51111054 -0.02496784
v -1.0854845 0.51387602 -0.02344164
v -1.19764709 0.09393714 0.01851
v -1.19868898 0.18415679 0.11816336
v -1.19751048 0.0934063 0.12489635
v -1.19881701 0.18465193 0.01888763
v -1.19807434 0.13869129 0.14128616
v -2.09930325 0.12225671 -0.05379417
v -2.09916687 0.12172584 0.05259205
v -2.09892416 0.09788667 -0.00068622
v -2.10080433 0.23863153 -0.0533096
v -2.10008192 0.18055005 -0.07531853
v -2.10066748 0.23810099 0.05307662
v -2.10104656 0.26247066 -8.4E-07
v -2.09988904 0.17980208 0.07463138
v -2.39061594 0.13435684 0.03780024
v -2.13448405 0.1379206 0.0375196
v -2.39044237 0.117323 -0.00026934
v -2.13431048 0.12088685 -0.00054999
v -2.39071369 0.13473617 -0.03819412
v -2.1345818 0.13829969 -0.03847492
v 0.24708338 0.56424576 -0.02019464
v 0.21617118 0.56381583 -0.02016072
v 0.21621934 0.56362897 0.01731278
v 0.24713156 0.56405878 0.01727887
v -1.11769152 0.5134688 -0.03150616
v -1.0854845 0.51387602 -0.02344164
v -1.08549476 0.51391631 -0.03154149
v -1.1176815 0.51342845 -0.0234063
v -1.11761093 0.5131551 0.03131773
v -1.08541369 0.51360315 0.03128257
v -1.11762094 0.51319325 0.02371325
v -1.08542371 0.5136413 0.02367808
v -1.09870005 0.51192713 -0.00265645
v -1.10372615 0.51185697 -0.00265087
v -1.10371947 0.51183218 0.00241836
v -1.09869337 0.5119018 0.0024128
v 0.24725673 0.54950136 -0.03395224
v 0.21634448 0.54907143 -0.03391835
v 0.21617118 0.56381583 -0.02016072
v 0.24708338 0.56424576 -0.02019464
v -1.08507037 0.48401785 -0.00025394
v -1.11734772 0.49138135 0.01703588
v -1.08515048 0.49182987 0.01700057
v -1.11726785 0.48356986 -0.00021863
v -1.11739159 0.49155354 -0.01740612
v -1.08519483 0.49200183 -0.0174413
v 0.24713156 0.56405878 0.01727887
v 0.21621934 0.56362897 0.01731278
v 0.21642794 0.54874814 0.03091554
v 0.24734019 0.54917794 0.0308816
v 0.24790221 0.50252426 -0.00171506
v 0.21699001 0.50209403 -0.00168127
v 0.2478216 0.51045072 0.01603509
v 0.21690944 0.51002008 0.01606902
v 0.247776 0.51062763 -0.01942752
v 0.2168638 0.5101971 -0.01939359
v 0.24790221 0.50252426 -0.00171506
v 0.21699001 0.50209403 -0.00168127
v -1.04975319 0.43520194 0.01926003
v -1.13292027 0.43404442 0.01935139
v -1.13290334 0.43397868 0.0325217
v -1.04973626 0.43513614 0.03243051
v -1.13298821 0.43430728 -0.0333316
v -1.04980397 0.43539894 -0.02025228
v -1.04982114 0.4354648 -0.03342262
v -1.13297081 0.43424183 -0.02016125
v 0.13129792 0.40854758 -0.02172639
v 0.18631065 0.45259809 -0.02160711
v 0.13128093 0.40861338 -0.03489671
v 0.18629372 0.45266384 -0.03477762
v 0.26951423 0.45382178 -0.0348689
v 0.26953119 0.45375592 -0.02169839
v 0.13136566 0.40828466 0.03095642
v 0.18637848 0.45233524 0.03107583
v 0.13134876 0.40835047 0.01778592
v 0.18636155 0.45240092 0.01790535
v 0.26958203 0.45355898 0.01781406
v 0.26959899 0.45349342 0.03098453
v -2.11131024 0.22505383 -0.04117228
v -1.30801272 0.25459486 -0.00094862
v -1.3078258 0.23623361 -0.04205302
v -2.11149693 0.24341644 -6.791E-05
v -1.30772042 0.23582436 0.04000239
v -2.11120462 0.22464387 0.04088314
v -2.10104656 0.26247066 -8.4E-07
v -2.3918829 0.23404936 0.05339588
v -2.10066748 0.23810099 0.05307662
v -2.39226246 0.25841928 0.00031809
v -2.10080433 0.23863153 -0.0533096
v -2.39201975 0.23457985 -0.05299034
v -1.04975319 0.43520194 0.01926003
v -0.99360758 0.39263225 0.03218947
v -0.99362439 0.39269763 0.019019
v -1.04973626 0.43513614 0.03243051
v -1.04982114 0.4354648 -0.03342262
v -0.99367517 0.39289474 -0.02049347
v -0.99369222 0.39296031 -0.03366382
v -1.04980397 0.43539894 -0.02025228
v -1.21032119 0.37028503 -0.03755924
v -1.33449674 0.30330229 -0.05998529
v -1.33434558 0.30271578 0.05753153
v -1.21022677 0.36991864 0.0358694
v -0.01914629 0.38649136 0.03456406
v -0.01924074 0.38685769 -0.03886472
v 0.34202853 0.39151627 0.03416817
v 0.34193406 0.3918826 -0.03926063
v -1.19764709 0.09393714 0.01851
v -0.24432373 0.10666777 0.12385164
v -0.24446052 0.10719852 0.01746528
v -1.19751048 0.0934063 0.12489635
v -1.3526361 0.05661325 -0.12937912
v -0.99856812 0.06026603 0.12452939
v -0.99889523 0.06153508 -0.12976687
v -1.35230875 0.05534454 0.124917
v -2.1345818 0.13829969 -0.03847492
v -2.39126992 0.17639224 -0.0537279
v -2.39071369 0.13473617 -0.03819412
v -2.13513827 0.17995577 -0.05400869
v -2.3917861 0.2178974 -0.03784788
v -2.13565445 0.22146092 -0.03812853
v -1.08519483 0.49200183 -0.0174413
v -1.11764741 0.51066267 -0.02493269
v -1.11739159 0.49155354 -0.01740612
v -1.08545017 0.51111054 -0.02496784
v -1.1176815 0.51342845 -0.0234063
v -1.0854845 0.51387602 -0.02344164
v -0.99856812 0.06026603 0.12452939
v -1.28137183 -0.06129746 0.12435108
v -0.99705154 -0.05734155 0.12403956
v -1.35230875 0.05534454 0.124917
v -1.33210301 0.1368268 0.1414331
v -1.19751048 0.0934063 0.12489635
v -1.19807434 0.13869129 0.14128616
v -1.19868898 0.18415679 0.11816336
v -1.33109212 0.05570324 0.11221854
v -1.33434558 0.30271578 0.05753153
v -0.24550271 0.19741945 0.11711848
v -0.01827541 0.32102782 0.05608887
v -1.21022677 0.36991864 0.0358694
v -0.01914629 0.38649136 0.03456406
v 0.34202853 0.39151627 0.03416817
v 0.38456318 0.32663202 0.05564741
v -0.01603273 0.15513848 0.13999058
v -0.24432373 0.10666777 0.12385164
v -0.01502189 0.07401524 0.11077604
v -0.24488795 0.15195437 0.14024131
v 0.2168638 0.5101971 -0.01939359
v 0.247776 0.51062763 -0.01942752
v 0.24751738 0.53001171 -0.02642738
v 0.21660516 0.52958161 -0.02639345
v -1.04973626 0.43513614 0.03243051
v -1.15983653 0.36547792 0.03226861
v -0.99328715 0.36779571 0.032086
v -0.99360758 0.39263225 0.03218947
v -1.13290334 0.43397868 0.0325217
v -1.16015673 0.39031452 0.03237193
v 0.29823402 0.38576412 0.03067052
v 0.26959899 0.45349342 0.03098453
v 0.18637848 0.45233524 0.03107583
v 0.13168608 0.38344681 0.03085296
v 0.2979137 0.41060191 0.03077397
v 0.13136566 0.40828466 0.03095642
v 0.24834824 0.47100985 0.0305561
v 0.24734019 0.54917794 0.0308816
v 0.21743599 0.47057962 0.03059005
v 0.21642794 0.54874814 0.03091554
v 0.2175795 0.45887434 0.02448134
v 0.21856508 0.38244981 0.02416323
v 0.24947733 0.38288003 0.0241293
v 0.24849173 0.45930433 0.02444757
v -1.10371947 0.51183218 0.00241836
v -1.10770273 0.48094243 0.00634479
v -1.09385061 0.48113507 0.00632966
v -1.09869337 0.5119018 0.0024128
v -1.30772042 0.23582436 0.04000239
v -2.11120462 0.22464387 0.04088314
v -1.30712056 0.19091775 0.0565422
v -2.110605 0.17973925 0.05742273
v -1.30656433 0.1461855 0.03962911
v -2.11004901 0.13500701 0.04051
v -2.39038229 0.11767448 0.0529113
v -2.09916687 0.12172584 0.05259205
v -2.09988904 0.17980208 0.07463138
v -2.39110446 0.17575027 0.07495064
v -2.10066748 0.23810099 0.05307662
v -2.3918829 0.23404936 0.05339588
v -1.04980397 0.43539894 -0.02025228
v -1.15990424 0.36574084 -0.02041433
v -0.99335486 0.3680585 -0.02059679
v -0.99367517 0.39289474 -0.02049347
v -1.13297081 0.43424183 -0.02016125
v -1.16022468 0.39057732 -0.02031088
v 0.29816625 0.38602656 -0.02201245
v 0.26953119 0.45375592 -0.02169839
v 0.18631065 0.45259809 -0.02160711
v 0.13161825 0.38370967 -0.02182985
v 0.29784587 0.41086447 -0.02190884
v 0.13129792 0.40854758 -0.02172639
v 0.2175795 0.45887434 0.02448134
v 0.24849173 0.45930433 0.02444757
v 0.24834824 0.47100985 0.0305561
v 0.21743599 0.47057962 0.03059005
v -1.11668229 0.44065934 0.02594537
v -1.11568904 0.36363506 0.02562451
v -1.08349156 0.36408299 0.02558935
v -1.08448505 0.44110727 0.02591005
v -1.08461571 0.45170176 0.03102484
v -1.11681271 0.45125318 0.03106002
v -1.08541369 0.51360315 0.03128257
v -1.11761093 0.5131551 0.03131773
v 0.24751738 0.53001171 -0.02642738
v 0.21636468 0.54889816 -0.0192326
v 0.21660516 0.52958161 -0.02639345
v 0.24727693 0.54932815 -0.01926633
v -1.16434121 -0.05189435 0.0381492
v -1.16302276 -0.15411133 0.03772353
v -1.12032151 -0.15360105 0.05437176
v -1.12163997 -0.05138342 0.05479727
v -1.07766175 -0.15292376 0.03763011
v -1.07897973 -0.0507066 0.03805562
v -2.39226246 0.25841928 0.00031809
v -2.39168859 0.21751799 0.03814664
v -2.3918829 0.23404936 0.05339588
v -2.39195919 0.23493128 0.00022035
v -2.3917861 0.2178974 -0.03784788
v -2.39201975 0.23457985 -0.05299034
v -2.39126992 0.17639224 -0.0537279
v -2.39129758 0.17649861 -0.07499945
v -2.3905189 0.11820532 -0.05347507
v -2.39071369 0.13473617 -0.03819412
v -2.39013982 0.09383495 -0.00036711
v -2.39038229 0.11767448 0.0529113
v -2.39061594 0.13435684 0.03780024
v -2.39044237 0.117323 -0.00026934
v -2.39113212 0.17585631 0.05368045
v -2.39110446 0.17575027 0.07495064
v -2.13555646 0.22108193 0.03786584
v -2.13448405 0.1379206 0.0375196
v -2.13500023 0.17942016 0.05339951
v -2.13431048 0.12088685 -0.00054999
v -2.13582778 0.23849471 -6.014E-05
v -2.13565445 0.22146092 -0.03812853
v -2.1345818 0.13829969 -0.03847492
v -2.13513827 0.17995577 -0.05400869
v -1.28169894 -0.06002881 -0.12994501
v -1.35230875 0.05534454 0.124917
v -1.3526361 0.05661325 -0.12937912
v -1.28137183 -0.06129746 0.12435108
v -1.16017365 0.39037997 0.0192016
v -1.15985346 0.36554343 0.0190983
v -1.15983653 0.36547792 0.03226861
v -1.16015673 0.39031452 0.03237193
v -1.16024137 0.39064288 -0.03348122
v -1.15992117 0.36580628 -0.03358465
v -1.15990424 0.36574084 -0.02041433
v -1.16022468 0.39057732 -0.02031088
v -1.16015673 0.39031452 0.03237193
v -1.13290334 0.43397868 0.0325217
v -1.16017365 0.39037997 0.0192016
v -1.13292027 0.43404442 0.01935139
v -1.16022468 0.39057732 -0.02031088
v -1.13297081 0.43424183 -0.02016125
v -1.16024137 0.39064288 -0.03348122
v -1.13298821 0.43430728 -0.0333316
v -1.10372615 0.51185697 -0.00265087
v -1.10771942 0.48100823 -0.00682553
v -1.10770273 0.48094243 0.00634479
v -1.10371947 0.51183218 0.00241836
v -1.11674976 0.4409222 -0.02673744
v -1.11726785 0.48356986 -0.00021863
v -1.11689329 0.45156705 -0.03176389
v -1.11668229 0.44065934 0.02594537
v -1.11575675 0.36389804 -0.02705828
v -1.11568904 0.36363506 0.02562451
v -1.11681271 0.45125318 0.03106002
v -1.11734772 0.49138135 0.01703588
v -1.11761093 0.5131551 0.03131773
v -1.11758399 0.5104152 0.0247212
v -1.11762094 0.51319325 0.02371325
v -1.11739159 0.49155354 -0.01740612
v -1.11769152 0.5134688 -0.03150616
v -1.11764741 0.51066267 -0.02493269
v -1.1176815 0.51342845 -0.0234063
v 0.13128093 0.40861338 -0.03489671
v 0.1316013 0.38377512 -0.03500016
v 0.13161825 0.38370967 -0.02182985
v 0.13129792 0.40854758 -0.02172639
v 0.13134876 0.40835047 0.01778592
v 0.13166909 0.38351226 0.01768249
v 0.13168608 0.38344681 0.03085296
v 0.13136566 0.40828466 0.03095642
v -1.33449674 0.30330229 -0.05998529
v -1.33210301 0.1368268 0.1414331
v -1.33434558 0.30271578 0.05753153
v -1.33247089 0.13825475 -0.14477101
v -1.33138585 0.05684312 -0.1162321
v -1.33109212 0.05570324 0.11221854
v -1.18204141 -0.05193757 -0.00236585
v -1.16302276 -0.15411133 0.03772353
v -1.16434121 -0.05189435 0.0381492
v -1.18072343 -0.1541546 -0.00279137
v -1.1644454 -0.05148977 -0.04291835
v -1.16312718 -0.15370709 -0.04334386
v -0.24446052 0.10719852 0.01746528
v -0.24550271 0.19741945 0.11711848
v -0.24563044 0.19791491 0.01784305
v -0.24432373 0.10666777 0.12385164
v -0.24488795 0.15195437 0.14024131
v 0.21751165 0.4591372 -0.02820131
v 0.21849726 0.3827126 -0.02851958
v 0.21856508 0.38244981 0.02416323
v 0.2175795 0.45887434 0.02448134
v 0.21735254 0.47090292 -0.03424384
v 0.21743599 0.47057962 0.03059005
v 0.21699001 0.50209403 -0.00168127
v 0.2168638 0.5101971 -0.01939359
v 0.21660516 0.52958161 -0.02639345
v 0.21634448 0.54907143 -0.03391835
v 0.21631934 0.55174929 -0.0263011
v 0.21617118 0.56381583 -0.02016072
v 0.21621934 0.56362897 0.01731278
v 0.21628419 0.55682421 -0.0014533
v 0.21636468 0.54889816 -0.0192326
v 0.21641028 0.54872131 0.01623019
v 0.21666899 0.52933377 0.02326027
v 0.21638314 0.55150151 0.02335261
v 0.21642794 0.54874814 0.03091554
v 0.21690944 0.51002008 0.01606902
v -2.39168859 0.21751799 0.03814664
v -2.13582778 0.23849471 -6.014E-05
v -2.13555646 0.22108193 0.03786584
v -2.39195919 0.23493128 0.00022035
v -2.13565445 0.22146092 -0.03812853
v -2.3917861 0.2178974 -0.03784788
v 0.38441199 0.32721823 -0.06186927
v -0.01827541 0.32102782 0.05608887
v -0.0184266 0.32161391 -0.06142765
v 0.38456318 0.32663202 0.05564741
v -1.28169894 -0.06002881 -0.12994501
v -0.99737865 -0.05607323 -0.13025671
v -1.28137183 -0.06129746 0.12435108
v -0.99705154 -0.05734155 0.12403956
v -0.01502189 0.07401524 0.11077604
v -1.33109212 0.05570324 0.11221854
v -0.0153158 0.07515512 -0.11767446
v -1.33138585 0.05684312 -0.1162321
v -1.19881701 0.18465193 0.01888763
v -0.24563044 0.19791491 0.01784305
v -0.24550271 0.19741945 0.11711848
v -1.19868898 0.18415679 0.11816336
v -2.11015415 0.13541622 -0.04154557
v -1.30666995 0.14659472 -0.04242615
v -2.10986209 0.11664407 -0.00059574
v -1.30637789 0.12782289 -0.00147647
v -2.11004901 0.13500701 0.04051
v -1.30656433 0.1461855 0.03962911
v -2.39013982 0.09383495 -0.00036711
v -2.09916687 0.12172584 0.05259205
v -2.39038229 0.11767448 0.0529113
v -2.09892416 0.09788667 -0.00068622
v -2.3905189 0.11820532 -0.05347507
v -2.09930325 0.12225671 -0.05379417
v 0.2494095 0.38314295 -0.02855334
v 0.24947733 0.38288003 0.0241293
v 0.21849726 0.3827126 -0.02851958
v 0.21856508 0.38244981 0.02416323
v -1.11575675 0.36389804 -0.02705828
v -1.08349156 0.36408299 0.02558935
v -1.11568904 0.36363506 0.02562451
v -1.08355951 0.36434591 -0.02709362
v 0.21628419 0.55682421 -0.0014533
v 0.24719644 0.5572542 -0.00148721
v 0.24732253 0.54915154 0.01619629
v 0.21641028 0.54872131 0.01623019
v 0.21636468 0.54889816 -0.0192326
v 0.24727693 0.54932815 -0.01926633
v 0.24719644 0.5572542 -0.00148721
v 0.21628419 0.55682421 -0.0014533
v -2.13555646 0.22108193 0.03786584
v -2.39113212 0.17585631 0.05368045
v -2.39168859 0.21751799 0.03814664
v -2.13500023 0.17942016 0.05339951
v -2.39061594 0.13435684 0.03780024
v -2.13448405 0.1379206 0.0375196
v -1.08538628 0.51086295 0.02468589
v -1.11734772 0.49138135 0.01703588
v -1.11758399 0.5104152 0.0247212
v -1.08542371 0.5136413 0.02367808
v -1.08515048 0.49182987 0.01700057
v -1.11762094 0.51319325 0.02371325
v -0.99737865 -0.05607323 -0.13025671
v -1.28169894 -0.06002881 -0.12994501
v -0.99889523 0.06153508 -0.12976687
v -1.3526361 0.05661325 -0.12937912
v 0.24758124 0.5297637 0.02322649
v 0.21690944 0.51002008 0.01606902
v 0.21666899 0.52933377 0.02326027
v 0.2478216 0.51045072 0.01603509
v -0.99337178 0.36812371 -0.03376712
v -1.04982114 0.4354648 -0.03342262
v -0.99369222 0.39296031 -0.03366382
v -1.15992117 0.36580628 -0.03358465
v -1.13298821 0.43430728 -0.0333316
v -1.16024137 0.39064288 -0.03348122
v 0.26951423 0.45382178 -0.0348689
v 0.29814932 0.38609248 -0.0351829
v 0.18629372 0.45266384 -0.03477762
v 0.29782894 0.41093028 -0.03507931
v 0.1316013 0.38377512 -0.03500016
v 0.13128093 0.40861338 -0.03489671
v 0.24725673 0.54950136 -0.03395224
v 0.24826479 0.47133285 -0.03427774
v 0.21634448 0.54907143 -0.03391835
v 0.21735254 0.47090292 -0.03424384
v 0.24842396 0.45956725 -0.02823523
v 0.21849726 0.3827126 -0.02851958
v 0.21751165 0.4591372 -0.02820131
v 0.2494095 0.38314295 -0.02855334
v -1.10771942 0.48100823 -0.00682553
v -1.09870005 0.51192713 -0.00265645
v -1.09386754 0.48120081 -0.00684065
v -1.10372615 0.51185697 -0.00265087
v -2.11131024 0.22505383 -0.04117228
v -1.3078258 0.23623361 -0.04205302
v -2.11075354 0.18031533 -0.05808531
v -1.30726933 0.19149415 -0.05896603
v -2.11015415 0.13541622 -0.04154557
v -1.30666995 0.14659472 -0.04242615
v -2.39129758 0.17649861 -0.07499945
v -2.09930325 0.12225671 -0.05379417
v -2.3905189 0.11820532 -0.05347507
v -2.10008192 0.18055005 -0.07531853
v -2.39201975 0.23457985 -0.05299034
v -2.10080433 0.23863153 -0.0533096
v -0.99330407 0.36786115 0.01891554
v -1.04975319 0.43520194 0.01926003
v -0.99362439 0.39269763 0.019019
v -1.15985346 0.36554343 0.0190983
v -1.13292027 0.43404442 0.01935139
v -1.16017365 0.39037997 0.0192016
v 0.26958203 0.45355898 0.01781406
v 0.29821712 0.38582993 0.0174999
v 0.18636155 0.45240092 0.01790535
v 0.29789677 0.41066772 0.01760348
v 0.13166909 0.38351226 0.01768249
v 0.13134876 0.40835047 0.01778592
v 0.21735254 0.47090292 -0.03424384
v 0.24826479 0.47133285 -0.03427774
v 0.24842396 0.45956725 -0.02823523
v 0.21751165 0.4591372 -0.02820131
v 0.24732253 0.54915154 0.01619629
v 0.21666899 0.52933377 0.02326027
v 0.21641028 0.54872131 0.01623019
v 0.24758124 0.5297637 0.02322649
v -1.11575675 0.36389804 -0.02705828
v -1.084553 0.44137019 -0.02677275
v -1.08355951 0.36434591 -0.02709362
v -1.11674976 0.4409222 -0.02673744
v -1.11689329 0.45156705 -0.03176389
v -1.08469629 0.45201504 -0.0317992
v -1.11769152 0.5134688 -0.03150616
v -1.08549476 0.51391631 -0.03154149
v -1.12178707 -0.05081232 -0.05969122
v -1.16312718 -0.15370709 -0.04334386
v -1.1644454 -0.05148977 -0.04291835
v -1.12046862 -0.15303001 -0.06011704
v -1.0790844 -0.05030204 -0.04301178
v -1.0777657 -0.15251985 -0.04343742
v 1.62553835 0.373546 -0.07275509
v 1.74497461 0.1942635 0.16901009
v 1.74452901 0.19599248 -0.17748384
v 1.62571716 0.37285382 0.06603282
v 1.74601841 0.11007978 0.13421585
v 1.74566102 0.11146457 -0.14336294
v 1.66662478 -0.54032767 0.13160861
v 1.6662674 -0.53894311 -0.14596859
v 1.66466761 -0.60436332 0.13134538
v 1.66431046 -0.60297841 -0.14623213
v 1.65713668 -0.66737407 0.13109241
v 1.65677929 -0.66598922 -0.14648476
v 1.52825141 0.37219214 -0.07264862
v 1.52843022 0.37150025 0.06613941
v 1.62553835 0.373546 -0.07275509
v 1.62571716 0.37285382 0.06603282
v 1.65713668 -0.66737407 0.13109241
v 1.5674355 -0.60571623 0.13145189
v 1.55990338 -0.66872692 0.13119908
v 1.66466761 -0.60436332 0.13134538
v 1.5693903 -0.54168063 0.13171528
v 1.66662478 -0.54032767 0.13160861
v 1.64878654 0.10872717 0.13432238
v 1.74601841 0.11007978 0.13421585
v 1.74497461 0.1942635 0.16901009
v 1.64774275 0.19291086 0.1691166
v 1.62571716 0.37285382 0.06603282
v 1.52843022 0.37150025 0.06613941
v 1.52825141 0.37219214 -0.07264862
v 1.64774275 0.19291086 0.1691166
v 1.52843022 0.37150025 0.06613941
v 1.64729714 0.19463952 -0.17737719
v 1.64878654 0.10872717 0.13432238
v 1.64842916 0.11011197 -0.14325507
v 1.5693903 -0.54168063 0.13171528
v 1.56903291 -0.54029554 -0.14586207
v 1.5674355 -0.60571623 0.13145189
v 1.56707859 -0.60433125 -0.14612557
v 1.55990338 -0.66872692 0.13119908
v 1.55954623 -0.66734201 -0.14637837
v 1.65677929 -0.66598922 -0.14648476
v 1.65713668 -0.66737407 0.13109241
v 1.55954623 -0.66734201 -0.14637837
v 1.55990338 -0.66872692 0.13119908
v 1.56707859 -0.60433125 -0.14612557
v 1.65677929 -0.66598922 -0.14648476
v 1.55954623 -0.66734201 -0.14637837
v 1.66431046 -0.60297841 -0.14623213
v 1.56903291 -0.54029554 -0.14586207
v 1.6662674 -0.53894311 -0.14596859
v 1.64842916 0.11011197 -0.14325507
v 1.74566102 0.11146457 -0.14336294
v 1.64729714 0.19463952 -0.17737719
v 1.74452901 0.19599248 -0.17748384
v 1.62553835 0.373546 -0.07275509
v 1.52825141 0.37219214 -0.07264862
v 1.58602095 -0.15612404 0.12671053
v 1.57380891 -0.12612826 -0.13858341
v 1.57415056 -0.12745261 0.12684332
v 1.58567977 -0.15479964 -0.13871603
v 1.57489419 -0.18512064 0.12660316
v 1.57455301 -0.18379644 -0.13882339
v 0.83697748 -0.25312129 0.12717219
v 0.82476538 -0.22312568 -0.13812149
v 0.82510668 -0.22444989 0.12730479
v 0.83663619 -0.25179708 -0.13825406
v 0.82585025 -0.2821126 0.12706478
v 0.82550895 -0.28078842 -0.13836166
v 1.54993868 -0.58949471 0.12495411
v 1.53772664 -0.55949789 -0.14033972
v 1.53806782 -0.56082219 0.12508671
v 1.5495975 -0.58817053 -0.14047229
v 1.53881168 -0.61848879 0.12484656
v 1.53847003 -0.61716449 -0.14057986
v 1.51829433 -0.12690081 -0.13852243
v 1.54623866 -0.11589759 0.12692338
v 1.54589701 -0.11457338 -0.13850316
v 1.51863575 -0.12822498 0.12690401
v 1.57415056 -0.12745261 0.12684332
v 1.57380891 -0.12612826 -0.13858341
v 0.7691946 -0.22389881 -0.13806063
v 0.79719335 -0.21288931 0.12738517
v 0.79685211 -0.21156512 -0.13804124
v 0.76953596 -0.2252232 0.12736575
v 0.82510668 -0.22444989 0.12730479
v 0.82476538 -0.22312568 -0.13812149
v 1.48215723 -0.56027108 -0.14027877
v 1.51010227 -0.5492664 0.12516688
v 1.5097611 -0.54794216 -0.14025955
v 1.48249841 -0.56159538 0.12514754
v 1.53806782 -0.56082219 0.12508671
v 1.53772664 -0.55949789 -0.14033972
v 1.48324227 -0.61926204 0.12490733
v 1.51010227 -0.5492664 0.12516688
v 1.47137117 -0.59058797 0.1250401
v 1.54993868 -0.58949471 0.12495411
v 1.51115417 -0.63081974 0.1248273
v 1.53881168 -0.61848879 0.12484656
v 1.53806782 -0.56082219 0.12508671
v 1.48249841 -0.56159538 0.12514754
v 0.77027947 -0.28288576 0.12712571
v 0.76953596 -0.2252232 0.12736575
v 0.75840998 -0.25421426 0.12725832
v 0.83697748 -0.25312129 0.12717219
v 0.79824507 -0.29444566 0.12704557
v 0.82585025 -0.2821126 0.12706478
v 0.79719335 -0.21288931 0.12738517
v 0.82510668 -0.22444989 0.12730479
v 1.51937938 -0.18589319 0.12666388
v 1.54623866 -0.11589759 0.12692338
v 1.50750852 -0.15721633 0.1267966
v 1.57489419 -0.18512064 0.12660316
v 1.54729009 -0.19744831 0.12658378
v 1.58602095 -0.15612404 0.12671053
v 1.57415056 -0.12745261 0.12684332
v 1.51863575 -0.12822498 0.12690401
v 1.5071671 -0.15589197 -0.13862982
v 1.51863575 -0.12822498 0.12690401
v 1.51829433 -0.12690081 -0.13852243
v 1.50750852 -0.15721633 0.1267966
v 1.5190382 -0.18456881 -0.13876271
v 1.51937938 -0.18589319 0.12666388
v 0.75806868 -0.25289005 -0.13816793
v 0.76953596 -0.2252232 0.12736575
v 0.7691946 -0.22389881 -0.13806063
v 0.75840998 -0.25421426 0.12725832
v 0.76993823 -0.28156155 -0.13830052
v 0.77027947 -0.28288576 0.12712571
v 1.47103024 -0.5892638 -0.14038616
v 1.48249841 -0.56159538 0.12514754
v 1.48215723 -0.56027108 -0.14027877
v 1.47137117 -0.59058797 0.1250401
v 1.48290086 -0.6179378 -0.1405189
v 1.48324227 -0.61926204 0.12490733
v 1.54694915 -0.19612409 -0.13884264
v 1.51937938 -0.18589319 0.12666388
v 1.5190382 -0.18456881 -0.13876271
v 1.54729009 -0.19744831 0.12658378
v 1.57455301 -0.18379644 -0.13882339
v 1.57489419 -0.18512064 0.12660316
v 0.79790378 -0.29312146 -0.13838094
v 0.77027947 -0.28288576 0.12712571
v 0.76993823 -0.28156155 -0.13830052
v 0.79824507 -0.29444566 0.12704557
v 0.82550895 -0.28078842 -0.13836166
v 0.82585025 -0.2821126 0.12706478
v 1.51081276 -0.6294955 -0.14059897
v 1.48324227 -0.61926204 0.12490733
v 1.48290086 -0.6179378 -0.1405189
v 1.51115417 -0.63081974 0.1248273
v 1.53847003 -0.61716449 -0.14057986
v 1.53881168 -0.61848879 0.12484656
v 1.5495975 -0.58817053 -0.14047229
v 1.5097611 -0.54794216 -0.14025955
v 1.53772664 -0.55949789 -0.14033972
v 1.48290086 -0.6179378 -0.1405189
v 1.51081276 -0.6294955 -0.14059897
v 1.53847003 -0.61716449 -0.14057986
v 1.47103024 -0.5892638 -0.14038616
v 1.48215723 -0.56027108 -0.14027877
v 0.83663619 -0.25179708 -0.13825406
v 0.79685211 -0.21156512 -0.13804124
v 0.82476538 -0.22312568 -0.13812149
v 0.7691946 -0.22389881 -0.13806063
v 0.76993823 -0.28156155 -0.13830052
v 0.79790378 -0.29312146 -0.13838094
v 0.82550895 -0.28078842 -0.13836166
v 0.75806868 -0.25289005 -0.13816793
v 1.58567977 -0.15479964 -0.13871603
v 1.54589701 -0.11457338 -0.13850316
v 1.57380891 -0.12612826 -0.13858341
v 1.57455301 -0.18379644 -0.13882339
v 1.5190382 -0.18456881 -0.13876271
v 1.54694915 -0.19612409 -0.13884264
v 1.5071671 -0.15589197 -0.13862982
v 1.51829433 -0.12690081 -0.13852243
v -1.0410831 0.26711583 0.08592448
v -1.04194021 0.33076525 0.05629089
v -1.06253171 0.29864395 0.07139358
v -0.83174938 0.33368945 0.05606053
v -0.83089215 0.27004057 0.0856941
v -0.81030279 0.30215317 0.07111706
v -0.24564034 0.19792081 0.00974178
v -0.24553084 0.19749568 0.09485798
v -0.2444706 0.10720693 0.00936398
v -0.24435252 0.10674955 0.10106675
v -0.24491984 0.15203483 0.11491978
v -0.55192453 0.33758372 0.05575394
v -0.53066218 0.30677301 -0.07456394
v -0.55207258 0.33815759 -0.05922887
v -0.53047514 0.30604774 0.07081027
v -0.53066218 0.30677301 -0.07456394
v -0.55106717 0.27393329 0.0853875
v -0.55129266 0.27480787 -0.08988515
v -0.53047514 0.30604774 0.07081027
v -0.83174938 0.33368945 0.05606053
v -0.81048983 0.3028785 -0.07425743
v -0.83189756 0.33426297 -0.05892207
v -0.81030279 0.30215317 0.07111706
v -0.81048983 0.3028785 -0.07425743
v -0.83089215 0.27004057 0.0856941
v -0.83111769 0.27091479 -0.08957841
v -0.81030279 0.30215317 0.07111706
v -0.55207258 0.33815759 -0.05922887
v -0.76226324 0.33523345 -0.05899838
v -0.76211518 0.33465964 0.05598428
v -0.55192453 0.33758372 0.05575394
v -0.83189756 0.33426297 -0.05892207
v -1.04208827 0.33133888 -0.05869175
v -1.04194021 0.33076525 0.05629089
v -0.83174938 0.33368945 0.05606053
v -0.24564034 0.19792081 0.00974178
v -1.19882679 0.18465896 0.01078648
v -1.19871712 0.1842346 0.09590268
v -0.24553084 0.19749568 0.09485798
v 1.00364923 0.30050206 0.09180398
v 0.46720845 0.29303873 0.09239183
v 1.00488377 0.20953675 0.14157496
v 0.46844286 0.20207341 0.14216283
v 1.00340295 0.30145717 -0.09966825
v 1.00488377 0.20953675 0.14157496
v 1.00450826 0.21099268 -0.15019478
v 1.00364923 0.30050206 0.09180398
v 0.59054643 0.06504492 -0.1391923
v 0.59089375 0.06369783 0.13081107
v 0.59171629 -0.02566989 -0.13956991
v 0.59206361 -0.02701676 0.13043311
v 1.00340295 0.30145717 -0.09966825
v 0.46696216 0.29399389 -0.0990802
v 0.46720845 0.29303873 0.09239183
v 1.00364923 0.30050206 0.09180398
v 0.59054643 0.06504492 -0.1391923
v 0.34585875 0.06164117 -0.13892403
v 0.34620616 0.06029411 0.13107912
v 0.59089375 0.06369783 0.13081107
v 0.59089375 0.06369783 0.13081107
v 0.34620616 0.06029411 0.13107912
v 0.59206361 -0.02701676 0.13043311
v 0.34737605 -0.03042097 0.13070133
v 0.34702867 -0.02907392 -0.13930185
v 0.34737605 -0.03042097 0.13070133
v 0.34585875 0.06164117 -0.13892403
v 0.34620616 0.06029411 0.13107912
v 0.34702867 -0.02907392 -0.13930185
v 0.59171629 -0.02566989 -0.13956991
v 0.59206361 -0.02701676 0.13043311
v 0.34737605 -0.03042097 0.13070133
v 0.4680675 0.20352943 -0.14960676
v 1.00450826 0.21099268 -0.15019478
v 1.00488377 0.20953675 0.14157496
v 0.46844286 0.20207341 0.14216283
v 0.59054643 0.06504492 -0.1391923
v 0.34702867 -0.02907392 -0.13930185
v 0.34585875 0.06164117 -0.13892403
v 0.59171629 -0.02566989 -0.13956991
v 1.00340295 0.30145717 -0.09966825
v 0.4680675 0.20352943 -0.14960676
v 0.46696216 0.29399389 -0.0990802
v 1.00450826 0.21099268 -0.15019478
v -0.76125771 0.27100945 0.08561786
v -0.55192453 0.33758372 0.05575394
v -0.76211518 0.33465964 0.05598428
v -0.78270382 0.30253875 0.07108693
v -0.55106717 0.27393329 0.0853875
v -0.53047514 0.30604774 0.07081027
v -1.19765711 0.09394558 0.01040869
v -1.19871712 0.1842346 0.09590268
v -1.19882679 0.18465896 0.01078648
v -1.19753909 0.09348781 0.10211132
v -1.19810629 0.1387734 0.11596465
v -1.06271839 0.29936922 -0.07398109
v -1.04194021 0.33076525 0.05629089
v -1.04208827 0.33133888 -0.05869175
v -1.06253171 0.29864395 0.07139358
v -1.0413084 0.26799035 -0.0893479
v -1.0410831 0.26711583 0.08592448
v -1.06271839 0.29936922 -0.07398109
v -1.06253171 0.29864395 0.07139358
v -0.78289098 0.30326408 -0.07428773
v -0.76211518 0.33465964 0.05598428
v -0.76226324 0.33523345 -0.05899838
v -0.78270382 0.30253875 0.07108693
v -0.76148349 0.27188396 -0.08965467
v -0.76125771 0.27100945 0.08561786
v -0.78289098 0.30326408 -0.07428773
v -0.78270382 0.30253875 0.07108693
v 0.4680675 0.20352943 -0.14960676
v 0.46720845 0.29303873 0.09239183
v 0.46696216 0.29399389 -0.0990802
v 0.46844286 0.20207341 0.14216283
v -1.19765711 0.09394558 0.01040869
v -0.2444706 0.10720693 0.00936398
v -0.24435252 0.10674955 0.10106675
v -1.19753909 0.09348781 0.10211132
v -0.76148349 0.27188396 -0.08965467
v -0.55129266 0.27480787 -0.08988515
v -0.55106717 0.27393329 0.0853875
v -0.76125771 0.27100945 0.08561786
v -1.0413084 0.26799035 -0.0893479
v -0.83111769 0.27091479 -0.08957841
v -0.83089215 0.27004057 0.0856941
v -1.0410831 0.26711583 0.08592448
v -0.76226324 0.33523345 -0.05899838
v -0.76148349 0.27188396 -0.08965467
v -0.78289098 0.30326408 -0.07428773
v -0.55129266 0.27480787 -0.08988515
v -0.55207258 0.33815759 -0.05922887
v -0.53066218 0.30677301 -0.07456394
v -1.04208827 0.33133888 -0.05869175
v -1.0413084 0.26799035 -0.0893479
v -1.06271839 0.29936922 -0.07398109
v -0.83111769 0.27091479 -0.08957841
v -0.83189756 0.33426297 -0.05892207
v -0.81048983 0.3028785 -0.07425743
v -0.99856788 0.06024946 0.12452921
v -0.18171254 0.07161559 0.12363395
v -0.99889499 0.06151815 -0.12976705
v -0.18203965 0.0728846 -0.13066214
v -0.18203965 0.0728846 -0.13066214
v -0.18171254 0.07161559 0.12363395
v -0.18523803 0.32694882 -0.06578996
v -0.18507448 0.32631433 0.06137393
v -0.18271953 0.1527238 0.15588012
v -0.18312818 0.15430821 -0.16173643
v -0.99705118 -0.05735812 0.12403952
v -0.99737829 -0.05608982 -0.13025674
v -0.89764315 -0.05390765 -0.13036288
v -0.8973158 -0.05517632 0.12393354
v 1.58623505 0.35173064 0.05993224
v 1.70504308 0.18135096 -0.16330761
v 1.58607125 0.35236508 -0.067233
v 1.70545173 0.17976646 0.15430883
v 1.70645857 0.09865828 0.12206414
v 1.70613146 0.09992661 -0.13223349
v 1.62670541 -0.52797753 0.11955612
v 1.62637806 -0.52670884 -0.13474132
v 1.62477136 -0.58967 0.11930253
v 1.62444425 -0.5884015 -0.13499509
v 1.61720896 -0.65037555 0.11905921
v 1.61688209 -0.64910722 -0.13523827
vn -0.00556 0.32314 -0.94634
vn -0.00614 0.36804 -0.92979
vn -0.00555 0.32423 -0.94596
vn -0.00554 0.32314 -0.94634
vn -0.00549 0.32228 -0.94663
vn -0.00694 0.42693 -0.90426
vn -0.00207 0.0701 -0.99754
vn -0.00209 0.0712 -0.99746
vn 0.00357 -0.33077 -0.9437
vn 0.00357 -0.33077 -0.9437
vn 0.99992 0.0129 -0.00122
vn 0.99992 0.0129 -0.00122
vn 0.99992 0.0129 -0.00122
vn 0.99992 0.0129 -0.00122
vn 0.99992 0.0129 -0.00122
vn 0.99992 0.0129 -0.00122
vn 0.99992 0.0129 -0.00122
vn 0.99992 0.0129 -0.00122
vn 0.99992 0.0129 -0.00123
vn 0.99992 0.0129 -0.00123
vn 0.99992 0.0129 -0.00122
vn 0.99992 0.0129 -0.00122
vn 0.99992 0.0129 -0.00122
vn 0.99992 0.0129 -0.00122
vn 0.99992 0.0129 -0.00122
vn 0.99992 0.0129 -0.00123
vn 0.99992 0.0129 -0.00123
vn 0.99992 0.0129 -0.00123
vn 0.99992 0.0129 -0.00122
vn 0.99992 0.0129 -0.00122
vn 0.99992 0.0129 -0.00122
vn 0.99992 0.0129 -0.00122
vn 0.99992 0.0129 -0.00122
vn 0.80296 -0.59588 0.01379
vn 0.80291 -0.59572 -0.02125
vn 0.99992 0.0129 -0.00122
vn 0.95592 0.29364 0.00024
vn 0.47507 0.87994 0.00369
vn 0.47482 0.88008 0.00364
vn 0.95583 0.29393 0.00024
vn 0.99992 0.0129 -0.00122
vn 0.99992 0.0129 -0.00122
vn 0.95592 0.29364 0.00024
vn 0.47507 0.87994 0.00367
vn 0.47482 0.88008 0.00356
vn 0.95583 0.29393 0.00024
vn 0.99992 0.0129 -0.00122
vn 0.99992 0.0129 -0.00122
vn 0.8367 0.54767 0.00166
vn 0.5156 0.85683 9E-05
vn 0.51569 0.85675 0.00684
vn 0.83672 0.54763 0.00166
vn 0.99992 0.0129 -0.00121
vn 0.99992 0.0129 -0.00122
vn 0.99992 0.0129 -0.00121
vn 0.99992 0.0129 -0.00122
vn 0.99992 0.01291 -0.00123
vn 0.99992 0.0129 -0.00122
vn 0.99992 0.01291 -0.00123
vn 0.99992 0.0129 -0.00122
vn 0.99992 0.0129 -0.001
vn 0.69409 0.00579 0.71987
vn 0.69409 0.00571 0.71987
vn 0.99992 0.0129 -0.00142
vn 0.69227 0.012 -0.72154
vn 0.69226 0.01208 -0.72155
vn 0.98774 0.1561 -0.00051
vn 0.98785 0.15543 -0.0005
vn 0.98771 0.1563 -0.00053
vn 0.98785 0.15543 -0.00049
vn 0.99992 0.0129 -0.00122
vn 0.99992 0.01289 -0.00122
vn 0.99992 0.0129 -0.00123
vn 0.99992 0.01289 -0.00122
vn 0.99992 0.0129 -0.00122
vn 0.99992 0.01291 -0.0012
vn 0.99992 0.0129 -0.00122
vn 0.99992 0.01293 -0.00122
vn 0.99992 0.01294 -0.00121
vn 0.99991 0.01303 -0.00125
vn 0.99992 0.0129 -0.00123
vn 0.99992 0.0129 -0.00123
vn 0.99992 0.01293 -0.00124
vn 0.99992 0.01295 -0.00126
vn 0.99991 0.0131 -0.0012
vn 0.99992 0.0129 -0.00122
vn 0.99992 0.0129 -0.00122
vn 0.99992 0.0129 -0.00122
vn 0.99992 0.0129 -0.00123
vn 0.99992 0.01289 -0.00123
vn 0.99992 0.0129 -0.00122
vn 0.99992 0.0129 -0.00122
vn 0.99992 0.01291 -0.00122
vn 0.99992 0.0129 -0.00122
vn 0.99992 0.0129 -0.00123
vn 0.99992 0.0129 -0.00122
vn 0.99992 0.01289 -0.00122
vn 0.99992 0.0129 -0.00122
vn -0.01055 0.68643 -0.72712
vn -0.63665 0.52503 -0.56482
vn -0.01391 0.99989 0.00491
vn -0.63263 0.77444 0.00482
vn -0.00877 0.67965 0.73348
vn -0.63537 0.51937 0.57146
vn -0.0139 0.99989 0.00501
vn -0.0139 0.99989 0.005
vn -0.0139 0.99989 0.00501
vn -0.0139 0.99989 0.00501
vn -0.01389 0.99989 0.00501
vn -0.01389 0.99989 0.00499
vn -0.01389 0.99989 0.00499
vn -0.01389 0.99989 0.00501
vn -0.01391 0.99989 0.00504
vn -0.01391 0.99989 0.00502
vn -0.01391 0.99989 0.00503
vn -0.01391 0.99989 0.00502
vn -0.0139 0.99989 0.00497
vn -0.01395 0.99989 0.00492
vn -0.0139 0.99989 0.00497
vn -0.01384 0.99989 0.00503
vn -0.01023 0.67677 -0.73612
vn -0.01022 0.6768 -0.73609
vn -0.01023 0.67677 -0.73612
vn -0.01023 0.67681 -0.73609
vn -0.01392 0.99989 0.00485
vn -0.01055 0.68633 -0.72721
vn -0.01055 0.68572 -0.72779
vn -0.01391 0.99989 0.00491
vn -0.00878 0.67947 0.73365
vn -0.00877 0.67946 0.73366
vn -0.00851 0.67 0.74231
vn -0.00852 0.67117 0.74125
vn -0.00851 0.67046 0.7419
vn -0.0085 0.66925 0.74299
vn -0.01313 0.91136 -0.4114
vn -0.01315 0.91105 -0.41208
vn -0.01314 0.91115 -0.41187
vn -0.01314 0.91078 -0.41269
vn -0.01217 0.90702 0.4209
vn -0.01216 0.90664 0.42172
vn -0.01217 0.90682 0.42133
vn -0.01216 0.90647 0.4221
vn -0.01391 0.99989 0.00501
vn -0.01391 0.99989 0.00501
vn -0.01391 0.99989 0.00501
vn -0.01391 0.99989 0.00501
vn -0.01391 0.99989 0.00499
vn -0.01391 0.99989 0.00501
vn -0.01391 0.99989 0.00502
vn -0.01391 0.99989 0.00499
vn -0.90809 0.41876 0.00324
vn -0.3378 0.9412 0.00513
vn -0.90809 0.41876 0.00335
vn -0.33774 0.94123 0.00513
vn 0.45991 0.88796 0.00389
vn 0.45991 0.88796 0.00385
vn -0.90809 0.41876 0.0033
vn -0.3378 0.9412 0.00513
vn -0.90809 0.41876 0.00334
vn -0.33774 0.94123 0.00513
vn 0.45991 0.88796 0.00387
vn 0.45991 0.88796 0.00382
vn -0.01056 0.68654 -0.72701
vn -0.01391 0.99989 0.00488
vn -0.01044 0.68677 -0.7268
vn -0.01391 0.99989 0.00483
vn -0.00876 0.67918 0.73392
vn -0.00867 0.67968 0.73346
vn -0.01391 0.99989 0.005
vn -0.00867 0.67956 0.73357
vn -0.00865 0.67935 0.73377
vn -0.01391 0.99989 0.00494
vn -0.01044 0.68665 -0.72691
vn -0.01023 0.68665 -0.72692
vn 0.60114 0.79914 0.00322
vn 0.60118 0.79911 0.00319
vn 0.60118 0.79911 0.0032
vn 0.60125 0.79905 0.00323
vn 0.60118 0.79911 0.00321
vn 0.6011 0.79916 0.0032
vn 0.60118 0.79911 0.0032
vn 0.60118 0.79911 0.00321
vn -0.26491 0.96426 0.00517
vn -0.91992 0.39206 0.00523
vn -0.92006 0.39177 0.00123
vn -0.26487 0.96427 0.00513
vn -0.01391 0.99989 0.00501
vn -0.01391 0.99989 0.00501
vn 0.50019 0.86591 0.00367
vn 0.50019 0.86591 0.00372
vn -0.01391 0.99989 0.00501
vn -0.01391 0.99989 0.00501
vn -0.01391 0.99989 0.00501
vn -0.01391 0.99989 0.00501
vn -0.01391 0.99989 0.00501
vn -0.01391 0.99989 0.00501
vn -0.01391 0.99989 0.00501
vn -0.01391 0.99989 0.00501
vn -0.63523 0.52158 0.5696
vn 0.00116 -0.00485 0.99999
vn -0.00832 0.68046 0.73273
vn -0.63411 -0.01126 0.77316
vn 0.00998 -0.68751 0.72611
vn -0.62086 -0.5427 0.5657
vn -0.00834 0.68048 0.73272
vn 0.00104 0.00406 0.99999
vn -0.00833 0.67924 0.73387
vn 0.00121 -0.00455 0.99999
vn 0.00593 -0.34752 0.93765
vn 0.00612 -0.3645 0.93118
vn 0.00115 -0.00415 0.99999
vn 0.00115 -0.00415 0.99999
vn 0.00115 -0.00415 0.99999
vn 0.00115 -0.00415 0.99999
vn 0.00017 0.06209 0.99807
vn 0.00581 -0.33799 0.94113
vn 0.00023 0.06183 0.99809
vn -0.00525 0.45025 0.89289
vn 0.00621 -0.33841 0.94098
vn -0.00487 0.41985 0.90758
vn -0.0053 0.45048 0.89277
vn -0.00409 0.35943 0.93316
vn -0.00337 0.31618 0.94869
vn -0.00335 0.31513 0.94904
vn -0.00333 0.31614 0.94871
vn -0.00331 0.31623 0.94868
vn 9E-05 0.06221 0.99806
vn 0.00576 -0.33939 0.94063
vn 0.00544 -0.33856 0.94093
vn 0.00024 0.06133 0.99812
vn -0.00388 0.3534 0.93546
vn -0.00388 0.3534 0.93546
vn -0.00389 0.3534 0.93546
vn -0.00388 0.35331 0.9355
vn 0.00115 -0.00415 0.99999
vn 0.00115 -0.00415 0.99999
vn 0.00115 -0.00415 0.99999
vn 0.00115 -0.00415 0.99999
vn 0.00115 -0.00415 0.99999
vn 0.00115 -0.00415 0.99999
vn 0.00115 -0.00415 0.99999
vn 0.00116 -0.00472 0.99999
vn 0.00115 -0.00415 0.99999
vn 0.00115 -0.00415 0.99999
vn 0.00115 -0.00415 0.99999
vn 0.00115 -0.00415 0.99999
vn 0.00116 -0.00415 0.99999
vn 0.00116 -0.00415 0.99999
vn 0.00116 -0.00415 0.99999
vn 0.00116 -0.00415 0.99999
vn 0.00115 -0.00415 0.99999
vn 0.00116 -0.00415 0.99999
vn 0.00115 -0.00415 0.99999
vn 0.00115 -0.00415 0.99999
vn -0.00073 0.13127 0.99135
vn -0.00081 0.13336 0.99107
vn -0.00072 0.13303 0.99111
vn -0.00071 0.13052 0.99145
vn -0.00857 0.68088 0.73235
vn -0.0086 0.68162 0.73166
vn 0.00115 -0.00405 0.99999
vn 0.00116 -0.0045 0.99999
vn 0.01027 -0.68781 0.72581
vn 0.01025 -0.68708 0.72651
vn 0.01025 -0.68693 0.72666
vn 0.01022 -0.68814 0.7255
vn 0.00115 -0.00404 0.99999
vn 0.00115 -0.00401 0.99999
vn -0.00857 0.68063 0.73258
vn -0.00833 0.68196 0.73134
vn 0.00115 -0.00415 0.99999
vn 0.00115 -0.00415 0.99999
vn 0.00116 -0.00415 0.99999
vn 0.00116 -0.00414 0.99999
vn 0.00116 -0.00472 0.99999
vn 0.00116 -0.00415 0.99999
vn 0.00115 -0.00415 0.99999
vn 0.00115 -0.00415 0.99999
vn 0.00115 -0.00415 0.99999
vn 0.00115 -0.00415 0.99999
vn 0.00114 -0.00416 0.99999
vn 0.00116 -0.00415 0.99999
vn 0.00744 -0.46525 0.88515
vn 0.00744 -0.46536 0.88509
vn 0.00744 -0.4652 0.88518
vn 0.00744 -0.46521 0.88517
vn 0.00427 -0.23031 0.97311
vn 0.01044 -0.71005 0.70407
vn 0.01017 -0.71006 0.70407
vn 0.00427 -0.23061 0.97304
vn 0.00426 -0.23019 0.97314
vn 0.00427 -0.23058 0.97304
vn 0.00115 -0.00415 0.99999
vn 0.00115 -0.00415 0.99999
vn 0.00605 -0.36134 0.93242
vn 0.00603 -0.36133 0.93242
vn 0.00604 -0.36124 0.93245
vn 0.00602 -0.36134 0.93241
vn -0.69265 -0.01204 0.72117
vn -0.69265 -0.01217 0.72117
vn 0.00094 -0.00415 0.99999
vn 0.00139 -0.00415 0.99999
vn 0.69436 0.00614 0.7196
vn 0.69436 0.00604 0.7196
vn -0.99992 -0.01291 0.00122
vn -0.99992 -0.0129 0.00123
vn -0.99992 -0.0129 0.00123
vn -0.99992 -0.01292 0.00122
vn -0.99992 -0.0129 0.00122
vn -0.99992 -0.0129 0.00122
vn -0.99992 -0.0129 0.00123
vn -0.99992 -0.0129 0.00124
vn -0.99992 -0.0129 0.00122
vn -0.99992 -0.01289 0.00121
vn -0.99992 -0.01289 0.00122
vn -0.99992 -0.01289 0.00122
vn -0.99992 -0.01289 0.00122
vn -0.99992 -0.01289 0.00122
vn -0.99992 -0.0129 0.00123
vn -0.99992 -0.0129 0.00124
vn -0.62217 -0.53718 -0.56951
vn -0.63588 0.52645 -0.56436
vn -0.62932 -0.00468 -0.77713
vn -0.63837 0.76972 0.00476
vn -0.6183 -0.78594 -0.00321
vn -0.62075 -0.54255 0.56596
vn -0.63446 0.52108 0.57091
vn -0.62734 -0.01156 0.77866
vn -0.85503 -0.51858 -0.00149
vn -0.85503 -0.51858 -0.00148
vn -0.85503 -0.51858 -0.00148
vn -0.85475 -0.51903 -0.00149
vn -0.99992 -0.01289 0.00122
vn -0.99992 -0.01289 0.00122
vn -0.99992 -0.01289 0.00122
vn -0.99992 -0.0129 0.00122
vn -0.99992 -0.0129 0.00121
vn -0.99992 -0.0129 0.00122
vn -0.99992 -0.0129 0.00122
vn -0.99992 -0.01291 0.0012
vn -0.85125 0.52475 0.0037
vn -0.8507 0.52564 0.00372
vn -0.85117 0.52487 0.0037
vn -0.85055 0.52589 0.00372
vn -0.85054 0.52589 0.0037
vn -0.85115 0.52491 0.00373
vn -0.85072 0.52561 0.0037
vn -0.85128 0.5247 0.00374
vn -0.9914 0.13084 0.00194
vn -0.99141 0.13079 0.00187
vn -0.99143 0.1306 0.00194
vn -0.99137 0.13108 0.00196
vn -0.99992 -0.0129 0.00122
vn -0.99992 -0.0129 0.00121
vn -0.99992 -0.0129 0.00122
vn -0.99992 -0.0129 0.00122
vn -0.99992 -0.0129 0.00122
vn -0.99992 -0.0129 0.00122
vn -0.99992 -0.0129 0.00122
vn -0.99992 -0.0129 0.00123
vn -0.99992 -0.01288 0.00126
vn -0.99992 -0.01288 0.00127
vn -0.99992 -0.0128 0.00125
vn -0.99992 -0.0129 0.00122
vn -0.99992 -0.01293 0.0012
vn -0.99992 -0.01295 0.00119
vn -0.99992 -0.01299 0.00117
vn -0.90011 0.43564 0.00342
vn -0.99992 -0.0129 0.00122
vn -0.99992 -0.0129 0.00122
vn -0.90011 0.43564 0.00319
vn -0.90011 0.43564 0.00342
vn -0.99992 -0.0129 0.00123
vn -0.99992 -0.0129 0.00122
vn -0.90011 0.43564 0.00318
vn -0.91355 0.40672 -0.00287
vn -0.99992 -0.0129 0.00122
vn -0.91353 0.40666 0.00907
vn -0.99992 -0.0129 0.00122
vn -0.99992 -0.0129 0.00122
vn -0.99992 -0.0129 0.00122
vn -0.99992 -0.0129 0.00097
vn -0.69228 -0.01196 0.72153
vn -0.69228 -0.01206 0.72153
vn -0.99992 -0.0129 0.00142
vn -0.69412 -0.00582 -0.71984
vn -0.69412 -0.00579 -0.71984
vn -0.99992 -0.0129 0.00122
vn -0.99992 -0.0129 0.00122
vn -0.99992 -0.0129 0.00122
vn -0.99992 -0.0129 0.00122
vn -0.99992 -0.0129 0.00122
vn -0.99992 -0.0129 0.00122
vn -0.99992 -0.0129 0.00122
vn -0.99992 -0.0129 0.00122
vn -0.99992 -0.0129 0.00122
vn -0.99992 -0.0129 0.00122
vn -0.99992 -0.0129 0.00122
vn -0.99992 -0.0129 0.00122
vn -0.99992 -0.0129 0.00122
vn -0.99992 -0.0129 0.00123
vn -0.99992 -0.0129 0.00123
vn -0.99992 -0.0129 0.00123
vn -0.99992 -0.0129 0.00122
vn -0.99992 -0.0129 0.00122
vn -0.99992 -0.0129 0.00122
vn -0.99992 -0.0129 0.00122
vn -0.99992 -0.0129 0.00122
vn -0.99992 -0.0129 0.00123
vn -0.99992 -0.01289 0.00123
vn -0.99992 -0.0129 0.00123
vn -0.99992 -0.0129 0.00122
vn 0.00877 -0.67966 -0.73347
vn -0.61085 -0.79174 -0.00354
vn -0.62187 -0.53682 -0.57017
vn 0.01391 -0.99989 -0.00483
vn -0.62047 -0.54244 0.56638
vn 0.01055 -0.68642 0.72713
vn 0.0139 -0.99989 -0.00501
vn 0.80363 -0.59512 -0.00391
vn 0.80363 -0.59512 -0.00391
vn 0.0139 -0.99989 -0.00501
vn 0.01391 -0.99989 -0.00501
vn 0.01391 -0.99989 -0.00501
vn 0.01391 -0.99989 -0.00501
vn 0.01391 -0.99989 -0.005
vn 0.01391 -0.99989 -0.00501
vn 0.01391 -0.99989 -0.00501
vn 0.01391 -0.99989 -0.00501
vn 0.01391 -0.99989 -0.00501
vn 0.01391 -0.99989 -0.00501
vn 0.01391 -0.99989 -0.00501
vn 0.01391 -0.99989 -0.00501
vn 0.01391 -0.99989 -0.00501
vn 0.00871 -0.67967 -0.73346
vn 0.00856 -0.67947 -0.73366
vn 0.01391 -0.99989 -0.0049
vn 0.01391 -0.99989 -0.00483
vn 0.01054 -0.68623 0.7273
vn 0.0104 -0.68676 0.72681
vn 0.01391 -0.99989 -0.00479
vn 0.0104 -0.68663 0.72693
vn 0.01054 -0.68642 0.72713
vn 0.01391 -0.99989 -0.00472
vn 0.00871 -0.67957 -0.73356
vn 0.00862 -0.67957 -0.73356
vn 0.01391 -0.99989 -0.00501
vn 0.01391 -0.99989 -0.00501
vn 0.01391 -0.99989 -0.00501
vn 0.01391 -0.99989 -0.00501
vn 0.00901 -0.70341 -0.71072
vn 0.01065 -0.71048 0.70364
vn 0.01072 -0.71048 0.70364
vn 0.00894 -0.70342 -0.71072
vn 0.01216 -0.90698 -0.421
vn 0.01216 -0.90739 -0.42012
vn 0.01217 -0.90714 -0.42065
vn 0.01216 -0.90673 -0.42153
vn 0.01312 -0.91069 0.41288
vn 0.01313 -0.91107 0.41204
vn 0.01312 -0.91087 0.41248
vn 0.01313 -0.91051 0.41327
vn -0.622 -0.53814 -0.5688
vn -0.00116 0.00451 -0.99999
vn 0.00833 -0.68142 -0.73185
vn -0.6359 -0.00434 -0.77176
vn -0.00998 0.68678 -0.7268
vn -0.63651 0.52638 -0.56371
vn -0.00132 0.01545 -0.99988
vn -0.00999 0.6861 -0.72744
vn -0.00104 -0.00614 -0.99998
vn 0.0036 -0.33338 -0.94279
vn -0.01 0.68743 -0.72618
vn 0.00413 -0.3717 -0.92834
vn -0.00115 0.00415 -0.99999
vn -0.00115 0.00415 -0.99999
vn -0.00115 0.00415 -0.99999
vn -0.00115 0.00415 -0.99999
vn -0.00604 0.36066 -0.93268
vn -0.00604 0.36146 -0.93237
vn -0.00605 0.36257 -0.93194
vn -0.00602 0.35964 -0.93307
vn -0.00116 0.00415 -0.99999
vn -0.00115 0.00415 -0.99999
vn -0.00116 0.00414 -0.99999
vn -0.00115 0.00415 -0.99999
vn -0.00115 0.00415 -0.99999
vn -0.00116 0.00415 -0.99999
vn -0.00115 0.00415 -0.99999
vn -0.00115 0.00415 -0.99999
vn -0.00116 0.00415 -0.99999
vn -0.00114 0.00416 -0.99999
vn -0.00116 0.00415 -0.99999
vn -0.00116 0.00415 -0.99999
vn -0.00115 0.00415 -0.99999
vn -0.00115 0.00415 -0.99999
vn -0.00115 0.00415 -0.99999
vn -0.00115 0.00415 -0.99999
vn -0.00115 0.00415 -0.99999
vn -0.00115 0.00415 -0.99999
vn -0.00116 0.00415 -0.99999
vn -0.00115 0.00415 -0.99999
vn -0.00309 0.14216 -0.98984
vn -0.00301 0.13857 -0.99035
vn -0.00301 0.14288 -0.98974
vn -0.00301 0.13681 -0.99059
vn -0.01021 0.68709 -0.72651
vn -0.01026 0.68781 -0.72582
vn -0.00115 0.00401 -0.99999
vn -0.00116 0.00445 -0.99999
vn 0.00864 -0.68162 -0.73166
vn 0.00854 -0.68088 -0.73235
vn -0.00115 0.00402 -0.99999
vn 0.00854 -0.68147 -0.73179
vn 0.00857 -0.68084 -0.73238
vn -0.00116 0.00446 -0.99999
vn -0.01022 0.68765 -0.72597
vn -0.01025 0.68706 -0.72653
vn -0.00115 0.00415 -0.99999
vn -0.00115 0.00415 -0.99999
vn -0.00115 0.00415 -0.99999
vn -0.00115 0.00415 -0.99999
vn -0.00116 0.00415 -0.99999
vn -0.00114 0.00414 -0.99999
vn -0.00115 0.00367 -0.99999
vn -0.00115 0.00415 -0.99999
vn -0.00115 0.00415 -0.99999
vn -0.00114 0.00416 -0.99999
vn -0.00115 0.00415 -0.99999
vn -0.00115 0.00415 -0.99999
vn 0.00539 -0.45823 -0.88882
vn 0.00537 -0.45593 -0.89
vn 0.00538 -0.45678 -0.88956
vn 0.00542 -0.45938 -0.88822
vn 0.00388 -0.35352 -0.93542
vn 0.00388 -0.35271 -0.93572
vn 0.00385 -0.35159 -0.93615
vn 0.0039 -0.35464 -0.93499
vn 0.00861 -0.70419 -0.70996
vn 0.00202 -0.2223 -0.97498
vn 0.00875 -0.70419 -0.70996
vn 0.00203 -0.22215 -0.97501
vn 0.00202 -0.22223 -0.97499
vn 0.00202 -0.22207 -0.97503
vn -0.00115 0.00415 -0.99999
vn -0.00115 0.00415 -0.99999
vn -0.00093 0.00415 -0.99999
vn -0.69421 -0.0061 -0.71975
vn -0.69431 -0.0063 -0.71965
vn -0.00142 0.00415 -0.99999
vn 0.69266 0.012 -0.72117
vn 0.69265 0.0122 -0.72117
vn 0.83117 0.55602 0.0017
vn 0.95742 0.2887 0.00021
vn 0.95757 0.2882 0.00018
vn 0.83117 0.55601 0.0017
vn 0.99885 -0.04783 -0.00152
vn 0.99885 -0.04788 -0.00152
vn 0.99692 -0.07843 -0.00167
vn 0.99692 -0.07844 -0.00167
vn 0.99692 -0.07844 -0.00167
vn 0.99691 -0.07859 -0.00167
vn 0.99326 -0.11586 -0.00186
vn 0.99325 -0.11601 -0.00186
vn -0.01333 0.92428 -0.38148
vn -0.01234 0.92043 0.39071
vn -0.0123 0.83711 -0.54689
vn -0.01105 0.83162 0.55524
vn 0.0112 -0.682 0.73127
vn 0.00115 -0.00415 0.99999
vn 0.01202 -0.74122 0.67115
vn 0.00115 -0.00415 0.99999
vn 0.00115 -0.00415 0.99999
vn 0.00115 -0.00415 0.99999
vn 0.0038 -0.19392 0.98101
vn 0.00396 -0.20711 0.97831
vn 0.00155 -0.02903 0.99958
vn -0.00076 0.13317 0.99109
vn -0.00962 0.80841 0.58855
vn -0.01102 0.90382 0.42776
vn -0.83105 -0.55619 -0.0017
vn -0.95758 -0.28816 -0.00019
vn -0.83105 -0.55619 -0.0017
vn -0.95767 -0.28788 -0.00023
vn -0.99884 0.04812 0.00149
vn -0.99888 0.04735 0.00154
vn -0.99693 0.07833 0.00167
vn -0.99693 0.07831 0.00168
vn -0.99692 0.07841 0.00167
vn -0.99692 0.07845 0.00166
vn -0.99325 0.11602 0.00185
vn -0.99324 0.11607 0.00185
vn 0.00852 -0.67509 -0.73769
vn 0.01029 -0.68242 0.73089
vn 0.00948 -0.73416 -0.67891
vn 0.01091 -0.7409 0.67152
vn -0.00115 0.00415 -0.99999
vn 0.00954 -0.67608 -0.73676
vn 0.01043 -0.73501 -0.67798
vn -0.00115 0.00415 -0.99999
vn -0.00115 0.00415 -0.99999
vn -0.00115 0.00415 -0.99999
vn 0.00154 -0.1858 -0.98259
vn 0.00166 -0.19733 -0.98034
vn -0.00305 0.14169 -0.98991
vn -0.00078 -0.02003 -0.9998
vn -0.011 0.81381 -0.58103
vn -0.01205 0.90788 -0.41906
vn 0.99992 0.01287 -0.00122
vn 0.70738 0.70683 0.00253
vn 0.70732 0.70689 0.00249
vn 0.99991 0.01328 -0.00122
vn 0.72547 -0.68824 -0.00429
vn 0.72559 -0.68812 -0.00409
vn 0.99992 0.01284 -0.00122
vn 0.70738 0.70683 0.00253
vn 0.70732 0.70689 0.00249
vn 0.99991 0.01323 -0.00122
vn 0.7255 -0.68821 -0.00429
vn 0.7256 -0.68811 -0.00425
vn 0.99992 0.01286 -0.00122
vn 0.70729 0.70692 0.00253
vn 0.70728 0.70693 0.00227
vn 0.99991 0.01324 -0.00122
vn 0.72549 -0.68822 -0.00429
vn 0.72549 -0.68822 -0.00431
vn -0.72604 0.68764 0.00441
vn -0.01372 0.99989 0.00501
vn -0.01379 0.99989 0.00501
vn -0.72593 0.68775 0.00432
vn 0.70675 0.70746 0.00266
vn 0.70684 0.70737 0.0028
vn -0.72602 0.68766 0.00441
vn -0.01338 0.9999 0.00501
vn -0.01344 0.9999 0.00501
vn -0.72593 0.68775 0.00432
vn 0.70675 0.70746 0.00266
vn 0.70685 0.70736 0.0028
vn -0.72602 0.68765 0.00441
vn -0.01407 0.99989 0.00501
vn -0.01413 0.99989 0.00501
vn -0.72593 0.68776 0.00426
vn 0.70672 0.70749 0.00266
vn 0.70682 0.70739 0.00281
vn 0.00115 -0.00415 0.99999
vn 0.00115 -0.00415 0.99999
vn 0.00116 -0.00415 0.99999
vn 0.00115 -0.00415 0.99999
vn 0.00113 -0.00185 1
vn 0.00115 -0.00415 0.99999
vn 0.00115 -0.00415 0.99999
vn 0.00115 -0.00415 0.99999
vn 0.00115 -0.00415 0.99999
vn 0.00115 -0.00415 0.99999
vn 0.00115 -0.00415 0.99999
vn 0.00116 -0.00415 0.99999
vn 0.00112 -0.0018 1
vn 0.00116 -0.00415 0.99999
vn 0.00117 -0.00506 0.99999
vn 0.00117 -0.00414 0.99999
vn 0.00115 -0.00415 0.99999
vn 0.00115 -0.00415 0.99999
vn 0.00115 -0.00415 0.99999
vn 0.00115 -0.00415 0.99999
vn 0.00115 -0.00415 0.99999
vn 0.00116 -0.00415 0.99999
vn 0.00115 -0.00416 0.99999
vn 0.00115 -0.00415 0.99999
vn -0.99992 -0.01281 0.00122
vn -0.7255 0.68821 0.00425
vn -0.72559 0.68811 0.00429
vn -0.99991 -0.0132 0.00122
vn -0.70739 -0.70682 -0.00249
vn -0.7073 -0.70691 -0.00248
vn -0.99992 -0.01283 0.00122
vn -0.72549 0.68822 0.00425
vn -0.72558 0.68812 0.00423
vn -0.99991 -0.01323 0.00122
vn -0.70741 -0.7068 -0.00249
vn -0.70731 -0.7069 -0.00258
vn -0.99992 -0.01283 0.00122
vn -0.72548 0.68823 0.00425
vn -0.72547 0.68823 0.0044
vn -0.99991 -0.01323 0.00122
vn -0.70731 -0.7069 -0.0025
vn -0.7073 -0.70691 -0.00259
vn 0.01371 -0.99989 -0.00501
vn -0.70675 -0.70745 -0.0027
vn -0.70686 -0.70735 -0.00277
vn 0.01378 -0.99989 -0.00501
vn 0.72603 -0.68765 -0.00437
vn 0.72593 -0.68775 -0.00425
vn 0.01406 -0.99989 -0.00501
vn -0.70674 -0.70747 -0.0027
vn -0.70684 -0.70737 -0.00277
vn 0.01412 -0.99989 -0.00501
vn 0.72603 -0.68765 -0.00437
vn 0.72593 -0.68775 -0.00447
vn 0.01337 -0.9999 -0.00501
vn -0.70673 -0.70748 -0.0027
vn -0.70683 -0.70738 -0.0026
vn 0.01343 -0.9999 -0.00501
vn 0.726 -0.68768 -0.00438
vn 0.7259 -0.68779 -0.00447
vn -0.00115 0.00415 -0.99999
vn -0.00115 0.00415 -0.99999
vn -0.00115 0.00415 -0.99999
vn -0.00115 0.00415 -0.99999
vn -0.00115 0.00415 -0.99999
vn -0.00115 0.00368 -0.99999
vn -0.00116 0.00415 -0.99999
vn -0.00118 0.00491 -0.99999
vn -0.00116 0.00415 -0.99999
vn -0.00115 0.00415 -0.99999
vn -0.00116 0.00414 -0.99999
vn -0.00115 0.00415 -0.99999
vn -0.00116 0.00415 -0.99999
vn -0.00116 0.00416 -0.99999
vn -0.00114 0.00358 -0.99999
vn -0.00116 0.00415 -0.99999
vn -0.00116 0.00415 -0.99999
vn -0.00116 0.00415 -0.99999
vn -0.00116 0.00415 -0.99999
vn -0.00115 0.00415 -0.99999
vn -0.00115 0.00415 -0.99999
vn -0.00115 0.00414 -0.99999
vn -0.00116 0.00415 -0.99999
vn -0.00118 0.00501 -0.99999
vn -0.00503 0.42661 0.90442
vn -0.00507 0.4267 0.90438
vn -0.00537 0.42686 0.9043
vn -0.00482 0.42589 0.90476
vn -0.00486 0.42586 0.90477
vn -0.0045 0.4262 0.90462
vn 0.99992 0.0129 -0.00122
vn 0.99992 0.0129 -0.00122
vn 0.99992 0.0129 -0.00122
vn 0.99992 0.0129 -0.00122
vn 0.99992 0.0129 -0.00122
vn 0.82702 0.56218 0.00172
vn 0.82715 0.56198 0.00174
vn 0.82696 0.56225 0.00176
vn 0.82702 0.56218 0.00173
vn 0.84172 -0.53989 -0.00379
vn 0.84102 -0.54099 -0.00378
vn 0.84172 -0.53989 -0.00382
vn 0.84102 -0.54099 -0.00378
vn 0.82713 0.562 0.00171
vn 0.827 0.5622 0.00174
vn 0.82713 0.56201 0.00176
vn 0.82678 0.56252 0.00174
vn 0.84169 -0.53995 -0.00379
vn 0.84151 -0.54023 -0.00376
vn 0.84156 -0.54015 -0.00379
vn 0.8413 -0.54056 -0.00377
vn -0.0139 0.99989 0.00501
vn -0.0139 0.99989 0.00501
vn -0.0139 0.99989 0.00501
vn -0.0139 0.99989 0.00501
vn -0.0139 0.99989 0.00501
vn -0.0139 0.99989 0.00501
vn -0.0139 0.99989 0.00501
vn -0.01391 0.99989 0.00501
vn -0.01391 0.99989 0.00501
vn -0.01391 0.99989 0.005
vn -0.01391 0.99989 0.005
vn -0.01391 0.99989 0.00501
vn -0.00572 0.47993 0.87729
vn -0.00572 0.47993 0.87729
vn -0.00572 0.47993 0.87729
vn -0.00572 0.47993 0.87729
vn 0.99992 0.0129 -0.00122
vn 0.99992 0.0129 -0.00122
vn 0.99992 0.0129 -0.00122
vn 0.99992 0.0129 -0.00122
vn 0.99992 0.0129 -0.00122
vn 0.99992 0.0129 -0.00122
vn 0.99992 0.0129 -0.00122
vn 0.99992 0.0129 -0.00122
vn -0.01391 0.99989 0.00501
vn -0.01391 0.99989 0.00501
vn -0.01391 0.99989 0.00501
vn -0.01391 0.99989 0.00501
vn -0.0139 0.99989 0.00501
vn -0.0139 0.99989 0.00501
vn -0.0139 0.99989 0.00501
vn -0.0139 0.99989 0.00501
vn 0.00115 -0.00415 0.99999
vn 0.00115 -0.00415 0.99999
vn 0.00115 -0.00415 0.99999
vn 0.00115 -0.00415 0.99999
vn -0.99992 -0.0129 0.00122
vn -0.99992 -0.0129 0.00122
vn -0.99992 -0.0129 0.00122
vn -0.99992 -0.0129 0.00122
vn 0.01391 -0.99989 -0.00501
vn 0.0139 -0.99989 -0.00501
vn 0.01391 -0.99989 -0.00501
vn 0.01391 -0.99989 -0.00501
vn 0.01391 -0.99989 -0.00501
vn 0.01391 -0.99989 -0.00501
vn 0.01391 -0.99989 -0.00501
vn 0.01391 -0.99989 -0.00501
vn -0.00115 0.00415 -0.99999
vn -0.00115 0.00415 -0.99999
vn -0.00115 0.00415 -0.99999
vn -0.00115 0.00415 -0.99999
vn -0.00774 0.48754 -0.87307
vn -0.00774 0.48754 -0.87307
vn -0.00774 0.48754 -0.87307
vn -0.00774 0.48753 -0.87307
vn -0.00499 0.42643 0.90451
vn -0.00477 0.42617 0.90463
vn -0.0051 0.42653 0.90446
vn -0.00537 0.42626 0.90458
vn -0.00483 0.4261 0.90467
vn -0.00449 0.42689 0.90429
vn -0.99992 -0.0129 0.00122
vn -0.99992 -0.0129 0.00122
vn -0.99992 -0.0129 0.00122
vn -0.99992 -0.0129 0.00122
vn -0.99992 -0.0129 0.00122
vn -0.84142 0.54037 0.00378
vn -0.84152 0.54021 0.00375
vn -0.84186 0.53968 0.00381
vn -0.84165 0.54001 0.00376
vn -0.82722 -0.56188 -0.00178
vn -0.82643 -0.56303 -0.00175
vn -0.82698 -0.56224 -0.00175
vn -0.8267 -0.56264 -0.00174
vn -0.84181 0.53976 0.00379
vn -0.84109 0.54089 0.00378
vn -0.84191 0.5396 0.00381
vn -0.84145 0.54032 0.00377
vn -0.82715 -0.56198 -0.00176
vn -0.82648 -0.56297 -0.00174
vn -0.82715 -0.56198 -0.00174
vn -0.82696 -0.56226 -0.00173
vn -0.99992 -0.0129 0.00122
vn -0.99992 -0.0129 0.00122
vn -0.99992 -0.0129 0.00122
vn -0.99992 -0.0129 0.00122
vn 0.01391 -0.99989 -0.00501
vn 0.01391 -0.99989 -0.005
vn 0.01391 -0.99989 -0.00501
vn 0.01391 -0.99989 -0.00501
vn 0.0139 -0.99989 -0.00501
vn 0.0139 -0.99989 -0.00501
vn 0.0139 -0.99989 -0.00501
vn 0.0139 -0.99989 -0.00501
vn 0.01391 -0.99989 -0.00501
vn 0.01391 -0.99989 -0.005
vn 0.01391 -0.99989 -0.00501
vn 0.01391 -0.99989 -0.00501
vn -0.00702 0.43402 -0.90088
vn -0.00705 0.43419 -0.90079
vn -0.00705 0.43382 -0.90097
vn -0.00702 0.43362 -0.90107
vn -0.00704 0.43354 -0.90111
vn -0.00699 0.43377 -0.901
vn -0.00702 0.43402 -0.90088
vn -0.00703 0.43389 -0.90094
vn -0.00701 0.43384 -0.90096
vn -0.007 0.43398 -0.9009
vn -0.00705 0.43351 -0.90112
vn -0.00702 0.43365 -0.90105
vn -0.01391 0.99989 0.00501
vn -0.79031 0.6127 0.00398
vn -0.01391 0.99989 0.00501
vn -0.79031 0.6127 0.00398
vn -0.78946 0.61349 0.01951
vn -0.7895 0.61363 -0.01237
vn -0.99992 -0.0129 0.00122
vn -0.99992 -0.0129 0.00122
vn -0.99992 -0.0129 0.00122
vn -0.99992 -0.0129 0.00122
vn 0.02187 -0.99975 -0.00502
vn 0.02187 -0.99975 -0.00501
vn 0.02187 -0.99975 -0.00501
vn 0.02187 -0.99975 -0.00502
vn 0.82136 0.5704 0.00179
vn 0.95462 0.29783 0.00026
vn 0.82136 0.5704 0.00179
vn 0.95496 0.29675 0.00029
vn 0.99878 -0.04942 -0.00153
vn 0.99881 -0.04876 -0.00151
vn 0.99689 -0.07885 -0.00168
vn 0.99688 -0.0789 -0.00168
vn 0.99699 -0.07758 -0.00167
vn 0.99694 -0.0782 -0.00167
vn 0.66736 -0.74472 -0.00443
vn 0.66737 -0.74472 -0.00446
vt 5.68521 -50.9605
vt 5.76963 -50.9752
vt 5.76963 -50.9605
vt 5.67547 -50.9752
vt 6.04799 -50.9605
vt 6.07721 -50.9752
vt 6.07721 -51.0125
vt 5.76963 -51.0125
vt 6.07721 -51.0308
vt 5.76963 -51.0308
vt 6.00641 -50.945
vt 5.99342 -50.945
vt 6.00641 -50.9622
vt 5.99192 -50.9423
vt 6.00792 -50.9423
vt 5.99992 -50.9353
vt 6.00427 -50.9335
vt 6.00607 -50.9291
vt 6.00792 -50.9248
vt 6.00599 -50.9241
vt 6.00458 -50.9214
vt 6.00427 -50.9248
vt 5.99992 -50.923
vt 5.99525 -50.9214
vt 5.99556 -50.9248
vt 5.99384 -50.9241
vt 5.99192 -50.9248
vt 5.99376 -50.9291
vt 5.99556 -50.9335
vt 5.99342 -50.9622
vt 6.03528 -51.0125
vt 5.96472 -51.0125
vt 6.02823 -51.0308
vt 6.01449 -50.9752
vt 5.98551 -50.9752
vt 5.97177 -51.0308
vt 6.00479 -50.9561
vt 6.008 -50.9464
vt 6.00479 -50.9464
vt 6.008 -50.9561
vt 6.008 -50.9617
vt 6.00479 -50.9617
vt 5.99184 -50.9561
vt 5.99505 -50.9464
vt 5.99184 -50.9464
vt 5.99505 -50.9561
vt 5.99505 -50.9617
vt 5.99184 -50.9617
vt 6.00903 -50.9605
vt 5.99097 -50.9605
vt 5.99992 -51.0786
vt 5.98994 -51.0556
vt 5.98994 -51.0786
vt 5.99992 -51.0556
vt 6.00989 -51.0786
vt 6.00989 -51.0556
vt 5.99933 -50.929
vt 6.00153 -50.9359
vt 6.0005 -50.929
vt 5.9983 -50.9359
vt 6.00771 -50.9425
vt 6.00421 -50.9335
vt 6.00641 -50.9449
vt 5.99342 -50.9449
vt 5.99212 -50.9425
vt 5.99562 -50.9335
vt 5.99212 -50.9286
vt 5.99385 -50.9292
vt 5.9941 -50.9286
vt 6.00771 -50.9286
vt 6.00599 -50.9292
vt 6.00573 -50.9286
vt 5.99491 -51.0227
vt 5.97042 -51.0023
vt 5.96866 -51.0227
vt 5.99491 -51.0023
vt 6.01301 -51.0136
vt 5.98682 -51.0136
vt 5.99992 -51.019
vt 6.01301 -50.9874
vt 6.01844 -51.0005
vt 5.98682 -50.9874
vt 5.99992 -50.982
vt 5.9814 -51.0005
vt 6.32453 -50.9906
vt 6.26467 -50.9906
vt 6.32453 -50.9999
vt 6.26467 -50.9999
vt 6.32453 -51.0093
vt 6.26467 -51.0093
vt 5.70685 -51.0046
vt 5.71408 -51.0046
vt 5.71408 -50.9953
vt 5.70685 -50.9953
vt 6.02593 -51.0077
vt 6.01839 -51.0057
vt 6.01839 -51.0077
vt 6.02593 -51.0057
vt 6.02593 -50.9921
vt 6.01839 -50.9921
vt 6.02593 -50.9941
vt 6.01839 -50.9941
vt 6.02149 -51.0005
vt 6.02267 -51.0005
vt 6.02267 -50.9993
vt 6.02149 -50.9993
vt 5.70685 -51.0079
vt 5.71408 -51.0079
vt 6.01839 -50.9999
vt 6.02593 -50.9956
vt 6.01839 -50.9956
vt 6.02593 -50.9999
vt 6.02593 -51.0042
vt 6.01839 -51.0042
vt 5.71408 -50.9919
vt 5.70685 -50.9919
vt 5.70685 -50.9999
vt 5.71408 -50.9999
vt 5.70685 -50.9956
vt 5.71408 -50.9956
vt 5.70685 -51.0043
vt 5.71408 -51.0043
vt 6.01029 -50.995
vt 6.02974 -50.995
vt 6.02974 -50.9918
vt 6.01029 -50.9918
vt 6.02974 -51.008
vt 6.01029 -51.0048
vt 6.01029 -51.008
vt 6.02974 -51.0048
vt 5.73438 -51.0048
vt 5.7214 -51.0048
vt 5.73438 -51.008
vt 5.7214 -51.008
vt 5.70195 -51.008
vt 5.70195 -51.0048
vt 5.73438 -50.9918
vt 5.7214 -50.9918
vt 5.73438 -50.995
vt 5.7214 -50.995
vt 5.70195 -50.995
vt 5.70195 -50.9918
vt 6.25897 -51.01
vt 6.07118 -50.9999
vt 6.07118 -51.01
vt 6.25897 -50.9999
vt 6.07118 -50.9898
vt 6.25897 -50.9898
vt 6.25647 -50.9999
vt 6.32453 -50.9868
vt 6.25647 -50.9868
vt 6.25647 -51.013
vt 6.32453 -51.013
vt 5.9973 -50.9918
vt 5.9973 -50.995
vt 5.9973 -51.0048
vt 5.9973 -51.008
vt 6.04799 -51.009
vt 6.07721 -51.0145
vt 6.07721 -50.9855
vt 6.04799 -50.991
vt 5.76963 -50.991
vt 5.76963 -51.009
vt 5.68521 -50.991
vt 5.68521 -51.009
vt 6.04589 -50.9949
vt 5.82311 -50.9687
vt 5.82311 -50.9949
vt 6.04589 -50.9687
vt 6.08217 -51.0314
vt 5.9995 -50.9686
vt 5.9995 -51.0314
vt 6.08217 -50.9686
vt 5.73533 -51.0098
vt 5.67547 -51.0005
vt 5.67547 -51.0098
vt 5.73533 -51.0005
vt 5.67547 -50.9911
vt 5.73533 -50.9911
vt 5.98161 -50.9335
vt 5.97407 -50.9292
vt 5.97407 -50.9335
vt 5.98161 -50.9292
vt 5.97407 -50.9286
vt 5.98161 -50.9286
vt 6.0005 -51.0308
vt 5.93406 -51.0572
vt 6.0005 -51.0572
vt 5.91783 -51.0308
vt 5.92279 -51.0125
vt 5.95411 -51.0227
vt 5.95411 -51.0125
vt 5.95411 -51.0023
vt 5.92279 -51.0308
vt 5.92279 -50.9752
vt 6.17689 -51.0023
vt 6.23037 -50.9752
vt 5.95201 -50.9605
vt 6.23037 -50.9605
vt 6.31479 -50.9605
vt 6.32453 -50.9752
vt 6.23037 -51.0125
vt 6.17689 -51.0227
vt 6.23037 -51.0308
vt 6.17689 -51.0125
vt 6.28592 -50.9335
vt 6.29315 -50.9335
vt 6.29315 -50.9291
vt 6.28592 -50.9291
vt 5.98971 -50.9464
vt 5.96377 -50.9617
vt 6.0027 -50.9617
vt 6.0027 -50.9561
vt 5.97026 -50.9464
vt 5.96377 -50.9561
vt 6.30454 -50.9617
vt 6.29805 -50.9464
vt 6.2786 -50.9464
vt 6.26562 -50.9617
vt 6.30454 -50.9561
vt 6.26562 -50.9561
vt 6.29315 -50.9423
vt 6.29315 -50.9248
vt 6.28592 -50.9423
vt 6.28592 -50.9248
vt 6.28592 -50.945
vt 6.28592 -50.9622
vt 6.29315 -50.9622
vt 6.29315 -50.945
vt 5.97733 -50.929
vt 5.9763 -50.9359
vt 5.97954 -50.9359
vt 5.97851 -50.929
vt 5.92882 -50.9904
vt 5.74103 -50.9904
vt 5.92882 -51.0005
vt 5.74103 -51.0005
vt 5.92882 -51.0106
vt 5.74103 -51.0106
vt 5.67547 -51.0136
vt 5.74353 -51.0136
vt 5.74353 -51.0005
vt 5.74353 -50.9874
vt 5.67547 -50.9874
vt 5.97407 -50.9449
vt 5.97407 -50.9622
vt 5.98161 -50.9622
vt 5.98161 -50.9449
vt 5.98161 -50.9425
vt 5.97407 -50.9425
vt 5.96146 -51.0556
vt 5.96146 -51.0786
vt 5.97143 -51.0786
vt 5.97143 -51.0556
vt 5.98141 -51.0786
vt 5.98141 -51.0556
vt 6.00008 -50.982
vt 6.00944 -50.9911
vt 6.01318 -50.9874
vt 6.00008 -50.9872
vt 5.99073 -50.9911
vt 5.98699 -50.9874
vt 5.98685 -51.0005
vt 5.98156 -51.0005
vt 5.98699 -51.0136
vt 5.99073 -51.0098
vt 6.00008 -51.019
vt 6.01318 -51.0136
vt 6.00944 -51.0098
vt 6.00008 -51.0137
vt 6.01332 -51.0005
vt 6.0186 -51.0005
vt 5.96864 -51.0572
vt 6.03136 -51.0308
vt 5.96864 -51.0308
vt 6.03136 -51.0572
vt 6.00495 -50.9561
vt 6.00495 -50.9617
vt 6.00816 -50.9617
vt 6.00816 -50.9561
vt 5.992 -50.9561
vt 5.992 -50.9617
vt 5.99521 -50.9617
vt 5.99521 -50.9561
vt 6.00816 -50.9464
vt 6.00495 -50.9464
vt 5.99521 -50.9464
vt 5.992 -50.9464
vt 5.9995 -50.929
vt 5.99847 -50.9359
vt 6.0017 -50.9359
vt 6.00067 -50.929
vt 5.99359 -50.9449
vt 6.00008 -50.9353
vt 5.99229 -50.9425
vt 6.00658 -50.9449
vt 5.99359 -50.9622
vt 6.00658 -50.9622
vt 6.00788 -50.9425
vt 6.00438 -50.9335
vt 6.00788 -50.9286
vt 6.00615 -50.9292
vt 6.0059 -50.9286
vt 5.99579 -50.9335
vt 5.99229 -50.9286
vt 5.99401 -50.9292
vt 5.99427 -50.9286
vt 6.00008 -51.0556
vt 6.01006 -51.0786
vt 6.01006 -51.0556
vt 6.00008 -51.0786
vt 5.99011 -51.0556
vt 5.99011 -51.0786
vt 6.00509 -51.0227
vt 6.02958 -51.0023
vt 6.00509 -51.0023
vt 6.03134 -51.0227
vt 5.99359 -50.945
vt 6.00658 -50.945
vt 5.99208 -50.9423
vt 6.00808 -50.9423
vt 5.99573 -50.9335
vt 5.99393 -50.9291
vt 5.99208 -50.9248
vt 5.99401 -50.9241
vt 5.99542 -50.9214
vt 6.00475 -50.9214
vt 6.00008 -50.923
vt 5.99573 -50.9248
vt 6.00444 -50.9248
vt 6.00624 -50.9291
vt 6.00616 -50.9241
vt 6.00808 -50.9248
vt 6.00444 -50.9335
vt 5.67547 -50.9906
vt 5.73533 -50.9999
vt 5.73533 -50.9906
vt 5.67547 -50.9999
vt 5.73533 -51.0093
vt 5.67547 -51.0093
vt 6.32453 -51.0145
vt 6.23037 -50.9855
vt 6.23037 -51.0145
vt 6.32453 -50.9855
vt 5.93406 -51.0314
vt 6.0005 -51.0314
vt 5.93406 -50.9686
vt 6.0005 -50.9686
vt 6.23037 -50.9718
vt 5.92279 -50.9718
vt 6.23037 -51.0282
vt 5.92279 -51.0282
vt 5.95411 -50.9949
vt 6.17689 -50.9949
vt 6.17689 -50.9704
vt 5.95411 -50.9704
vt 5.74103 -51.01
vt 5.92882 -51.01
vt 5.74103 -50.9999
vt 5.92882 -50.9999
vt 5.74103 -50.9898
vt 5.92882 -50.9898
vt 5.74353 -50.9868
vt 5.67547 -50.9868
vt 5.74353 -50.9999
vt 5.67547 -51.013
vt 5.74353 -51.013
vt 6.29315 -51.0064
vt 6.29315 -50.9934
vt 6.28592 -51.0064
vt 6.28592 -50.9934
vt 5.97407 -51.0064
vt 5.98161 -50.9934
vt 5.97407 -50.9934
vt 5.98161 -51.0064
vt 6.28592 -50.9999
vt 6.29315 -50.9999
vt 6.29315 -50.9956
vt 6.28592 -50.9956
vt 6.28592 -51.0043
vt 6.29315 -51.0043
vt 6.26467 -50.9911
vt 6.32453 -51.0005
vt 6.32453 -50.9911
vt 6.26467 -51.0005
vt 6.32453 -51.0098
vt 6.26467 -51.0098
vt 6.01839 -50.9292
vt 6.02593 -50.9335
vt 6.02593 -50.9292
vt 6.01839 -50.9286
vt 6.01839 -50.9335
vt 6.02593 -50.9286
vt 5.9995 -51.0572
vt 6.06594 -51.0572
vt 5.9995 -51.0308
vt 6.08217 -51.0308
vt 5.70685 -50.9291
vt 5.71408 -50.9335
vt 5.71408 -50.9291
vt 5.70685 -50.9335
vt 5.9973 -50.9617
vt 6.01029 -50.9464
vt 5.9973 -50.9561
vt 6.03623 -50.9617
vt 6.02974 -50.9464
vt 6.03623 -50.9561
vt 5.70195 -50.9464
vt 5.69546 -50.9617
vt 5.7214 -50.9464
vt 5.69546 -50.9561
vt 5.73438 -50.9617
vt 5.73438 -50.9561
vt 5.70685 -50.9248
vt 5.70685 -50.9423
vt 5.71408 -50.9248
vt 5.71408 -50.9423
vt 5.70685 -50.945
vt 5.71408 -50.9622
vt 5.71408 -50.945
vt 5.70685 -50.9622
vt 6.0237 -50.9359
vt 6.02149 -50.929
vt 6.02046 -50.9359
vt 6.02267 -50.929
vt 6.25897 -50.9904
vt 6.07118 -50.9904
vt 6.25897 -51.0005
vt 6.07118 -51.0005
vt 6.25897 -51.0106
vt 6.07118 -51.0106
vt 6.25647 -51.0136
vt 6.32453 -51.0136
vt 6.25647 -51.0005
vt 6.32453 -50.9874
vt 6.25647 -50.9874
vt 6.02593 -50.9622
vt 6.01839 -50.9449
vt 6.01839 -50.9622
vt 6.02593 -50.9449
vt 6.02593 -50.9425
vt 6.01839 -50.9425
vt 6.02857 -51.0556
vt 6.03854 -51.0786
vt 6.03854 -51.0556
vt 6.02857 -51.0786
vt 6.01859 -51.0556
vt 6.01859 -51.0786
vt 24.0171 -30.883
vt 23.9572 -30.9234
vt 24.0428 -30.9234
vt 23.9829 -30.883
vt 23.9658 -30.9424
vt 24.0342 -30.9424
vt 23.9658 -31.0885
vt 24.0342 -31.0885
vt 23.9658 -31.1029
vt 24.0342 -31.1029
vt 23.9658 -31.117
vt 24.0342 -31.117
vt 24.025 -31.0171
vt 24.025 -30.9829
vt 24.0023 -31.0171
vt 24.0023 -30.9829
vt 24.0019 -31.117
vt 23.9811 -31.1029
vt 23.9792 -31.117
vt 24.0039 -31.1029
vt 23.9818 -31.0885
vt 24.0045 -31.0885
vt 24.0023 -30.9424
vt 24.025 -30.9424
vt 24.025 -30.9234
vt 24.0023 -30.9234
vt 23.9977 -30.883
vt 23.975 -30.883
vt 24.0019 -31.0342
vt 24.0019 -30.9658
vt 23.9792 -31.0342
vt 23.9792 -30.9658
vt 24.0189 -31.1029
vt 23.9981 -31.117
vt 24.0208 -31.117
vt 23.9961 -31.1029
vt 24.0182 -31.0885
vt 23.9955 -31.0885
vt 23.9977 -30.9424
vt 23.975 -30.9424
vt 23.9977 -30.9234
vt 23.975 -30.9234
vt 24.0023 -30.883
vt 24.025 -30.883
vt 5.96727 -10.9513
vt 6.03273 -10.9448
vt 5.96727 -10.9448
vt 6.03273 -10.9513
vt 5.96727 -10.9578
vt 6.03273 -10.9578
vt 5.96727 -10.9708
vt 6.03273 -10.9643
vt 5.96727 -10.9643
vt 6.03273 -10.9708
vt 5.96727 -10.9773
vt 6.03273 -10.9773
vt 5.96727 -11.0487
vt 6.03273 -11.0422
vt 5.96727 -11.0422
vt 6.03273 -11.0487
vt 5.96727 -11.0552
vt 6.03273 -11.0552
vt 5.91883 -11.0327
vt 5.91234 -10.9673
vt 5.91234 -11.0327
vt 5.91883 -10.9673
vt 5.90585 -10.9673
vt 5.90585 -11.0327
vt 6.09415 -11.0327
vt 6.08766 -10.9673
vt 6.08766 -11.0327
vt 6.09415 -10.9673
vt 6.08117 -10.9673
vt 6.08117 -11.0327
vt 5.92857 -11.0327
vt 5.92208 -10.9673
vt 5.92208 -11.0327
vt 5.92857 -10.9673
vt 5.91559 -10.9673
vt 5.91559 -11.0327
vt 6.07143 -11.0552
vt 6.07792 -11.0395
vt 6.06875 -11.0487
vt 6.0871 -11.0487
vt 6.07792 -11.0579
vt 6.08441 -11.0552
vt 6.08441 -11.0422
vt 6.07143 -11.0422
vt 5.90585 -10.9773
vt 5.90585 -10.9643
vt 5.90316 -10.9708
vt 5.92151 -10.9708
vt 5.91234 -10.98
vt 5.91883 -10.9773
vt 5.91234 -10.9616
vt 5.91883 -10.9643
vt 6.08117 -10.9578
vt 6.08766 -10.9421
vt 6.07849 -10.9513
vt 6.09415 -10.9578
vt 6.08766 -10.9605
vt 6.09684 -10.9513
vt 6.09415 -10.9448
vt 6.08117 -10.9448
vt 6.07792 -11.0327
vt 6.07143 -10.9673
vt 6.07143 -11.0327
vt 6.07792 -10.9673
vt 6.08441 -11.0327
vt 6.08441 -10.9673
vt 5.9129 -11.0487
vt 5.92208 -11.0395
vt 5.91559 -11.0422
vt 5.92857 -11.0552
vt 5.92208 -11.0579
vt 5.91559 -11.0552
vt 5.93125 -11.0487
vt 5.92857 -11.0422
vt 6.07849 -10.9708
vt 6.08766 -10.9616
vt 6.08117 -10.9643
vt 6.09415 -10.9643
vt 6.09415 -10.9773
vt 6.08766 -10.98
vt 6.08117 -10.9773
vt 6.09684 -10.9708
vt 5.90316 -10.9513
vt 5.91234 -10.9421
vt 5.90585 -10.9448
vt 5.90585 -10.9578
vt 5.91883 -10.9578
vt 5.91234 -10.9605
vt 5.92151 -10.9513
vt 5.91883 -10.9448
vt 61.7796 -48.9715
vt 61.7796 -48.9572
vt 61.7747 -48.9644
vt 61.8287 -48.9572
vt 61.8287 -48.9715
vt 61.8336 -48.9644
vt 61.9969 -48.9897
vt 61.976 -48.9897
vt 61.9969 -49.0101
vt 61.9743 -49.0101
vt 61.9709 -48.9999
vt 61.9858 -48.9572
vt 62.0179 -48.9644
vt 62.0142 -48.9572
vt 61.9821 -48.9644
vt 61.9784 -48.9715
vt 62.0216 -48.9715
vt 62.1059 -49.0142
vt 62.155 -49.0142
vt 62.155 -48.9858
vt 62.1059 -48.9858
vt 62.1713 -49.0142
vt 62.2204 -49.0142
vt 62.2204 -48.9858
vt 62.1713 -48.9858
vt 62.0347 -48.9969
vt 62.2575 -48.9969
vt 62.2575 -48.976
vt 62.0347 -48.976
vt 62.2575 -48.9704
vt 62.1321 -48.9704
vt 62.2575 -48.9908
vt 62.1321 -48.9908
vt 62.0236 -48.9704
vt 61.964 -48.9908
vt 62.036 -48.9908
vt 61.9764 -48.9704
vt 62.0333 -49.0224
vt 61.9667 -49.0224
vt 62.0333 -49.0428
vt 61.9667 -49.0428
vt 61.7425 -49.0236
vt 61.8679 -49.0236
vt 61.8679 -48.9764
vt 61.7425 -48.9764
vt 61.8397 -49.0333
vt 61.8969 -49.0333
vt 61.8969 -48.9667
vt 61.8397 -48.9667
vt 62.1603 -49.0224
vt 62.1031 -49.0224
vt 62.1603 -49.0428
vt 62.1031 -49.0428
vt 62.1031 -49.0333
vt 62.1603 -49.0333
vt 62.1603 -48.9667
vt 62.1031 -48.9667
vt 62.1321 -49.036
vt 62.2575 -49.036
vt 62.2575 -48.964
vt 62.1321 -48.964
vt 61.8397 -49.0224
vt 61.8969 -49.0428
vt 61.8969 -49.0224
vt 61.8397 -49.0428
vt 61.7425 -48.9704
vt 61.8679 -48.9908
vt 61.8679 -48.9704
vt 61.7425 -48.9908
vt 61.845 -48.9715
vt 61.8941 -48.9572
vt 61.845 -48.9572
vt 61.8401 -48.9644
vt 61.8941 -48.9715
vt 61.899 -48.9644
vt 62.0031 -49.0101
vt 62.024 -48.9897
vt 62.0031 -48.9897
vt 62.0257 -49.0101
vt 62.0291 -48.9999
vt 61.7425 -48.9969
vt 61.9653 -48.9969
vt 61.9653 -48.9743
vt 61.7425 -48.9743
vt 61.845 -49.0216
vt 61.8941 -49.0216
vt 61.8941 -48.9784
vt 61.845 -48.9784
vt 61.7796 -49.0216
vt 61.8287 -49.0216
vt 61.8287 -48.9784
vt 61.7796 -48.9784
vt 62.155 -48.9572
vt 62.155 -48.9715
vt 62.1599 -48.9644
vt 62.1059 -48.9715
vt 62.1059 -48.9572
vt 62.101 -48.9644
vt 62.2204 -48.9572
vt 62.2204 -48.9715
vt 62.2253 -48.9644
vt 62.1713 -48.9715
vt 62.1713 -48.9572
vt 62.1664 -48.9644
vt 36.2919 -2.96864
vt 36.101 -2.96864
vt 36.2919 -3.03136
vt 36.101 -3.03136
vt 35.9686 -2.93002
vt 36.0314 -2.93002
vt 35.9843 -2.87277
vt 36.0157 -2.87277
vt 36.0392 -2.91174
vt 35.9608 -2.91174
vt 35.7081 -2.96864
vt 35.7081 -3.03136
vt 35.7314 -3.03136
vt 35.7314 -2.96864
vt 35.9686 -3.07078
vt 36.0314 -3.07078
vt 35.9686 -3.08466
vt 36.0314 -3.08466
vt 35.9686 -3.09829
vt 36.0314 -3.09829
usemtl mat1
f 209/150/209 210/151/210 211/152/211
f 210/151/210 209/150/209 212/153/212
f 210/151/210 213/154/213 211/152/211
f 213/154/213 210/151/210 214/155/214
f 214/155/214 210/151/210 215/156/215
f 216/157/216 215/156/215 210/151/210
f 215/156/215 216/157/216 217/158/217
f 218/159/218 217/158/217 216/157/216
f 219/160/219 220/161/220 221/162/221
f 219/160/219 222/163/222 220/161/220
f 222/163/222 219/160/219 223/164/223
f 223/164/223 224/165/224 222/163/222
f 224/165/224 223/164/223 225/166/225
f 223/164/223 226/167/226 225/166/225
f 223/164/223 227/168/227 226/167/226
f 228/169/228 226/167/226 227/168/227
f 227/168/227 229/170/229 228/169/228
f 230/171/230 229/170/229 231/172/231
f 229/170/229 232/173/232 231/172/231
f 229/170/229 230/171/230 228/169/228
f 226/167/226 228/169/228 230/171/230
f 233/174/233 232/173/232 234/175/234
f 232/173/232 235/176/235 234/175/234
f 232/173/232 233/174/233 231/172/231
f 234/175/234 236/177/236 233/174/233
f 236/177/236 222/163/222 237/178/237
f 222/163/222 236/177/236 235/176/235
f 236/177/236 234/175/234 235/176/235
f 222/163/222 224/165/224 237/178/237
f 221/162/221 220/161/220 238/179/238
f 239/180/239 240/181/240 241/182/241
f 242/183/242 240/181/240 239/180/239
f 240/181/240 242/183/242 243/184/243
f 241/182/241 240/181/240 244/185/244
f 245/186/245 246/187/246 247/188/247
f 246/187/246 245/186/245 248/189/248
f 245/186/245 249/190/249 248/189/248
f 249/190/249 245/186/245 250/191/250
f 251/192/251 252/193/252 253/194/253
f 252/193/252 251/192/251 254/195/254
f 251/192/251 255/196/255 254/195/254
f 255/196/255 251/192/251 256/197/256
f 257/184/257 258/198/258 259/199/259
f 258/198/258 257/184/257 260/183/260
f 261/192/261 262/196/262 263/195/263
f 262/196/262 261/192/261 264/197/264
f 265/186/265 266/190/266 267/189/267
f 266/190/266 265/186/265 268/191/268
f 269/200/269 270/201/270 271/202/271
f 270/201/270 269/200/269 272/203/272
f 273/204/273 272/203/272 269/200/269
f 272/203/272 273/204/273 274/205/274
f 275/206/275 276/207/276 277/208/277
f 276/207/276 275/206/275 278/209/278
f 279/165/279 280/210/280 281/211/281
f 280/210/280 279/165/279 282/212/282
f 282/212/282 279/165/279 283/213/283
f 283/213/283 279/165/279 284/214/284
f 284/214/284 279/165/279 285/215/285
f 285/215/285 286/216/286 284/214/284
f 286/216/286 285/215/285 287/217/287
f 288/218/288 286/216/286 287/217/287
f 282/212/282 283/213/283 289/162/289
f 289/162/289 283/213/283 290/179/290
f 291/219/291 281/211/281 280/210/280
f 281/211/281 291/219/291 292/220/292
f 291/219/291 293/221/293 292/220/292
f 294/222/294 295/223/295 296/224/296
f 295/223/295 294/222/294 297/225/297
f 296/224/296 295/223/295 298/181/298
f 299/226/299 300/227/300 301/228/301
f 300/227/300 299/226/299 302/229/302
f 302/229/302 299/226/299 303/230/303
f 302/229/302 304/231/304 300/227/300
f 304/231/304 302/229/302 305/232/305
f 300/227/300 304/231/304 306/233/306
f 307/234/307 308/235/308 309/236/309
f 310/237/310 309/236/309 308/235/308
f 309/236/309 310/237/310 311/238/311
f 312/239/312 311/238/311 310/237/310
f 313/240/313 314/241/314 315/242/315
f 313/240/313 315/242/315 316/243/316
f 317/244/317 318/245/318 319/246/319
f 318/245/318 317/244/317 320/247/320
f 321/248/321 322/249/322 323/250/323
f 324/251/324 323/250/323 322/249/322
f 325/252/325 326/253/326 327/254/327
f 325/252/325 327/254/327 328/255/328
f 329/256/329 330/257/330 331/241/331
f 329/256/329 331/241/331 332/240/332
f 333/258/333 334/259/334 335/260/335
f 334/259/334 333/258/333 336/261/336
f 336/261/336 333/258/333 337/262/337
f 338/263/338 337/262/337 333/258/333
f 339/243/339 340/242/340 341/264/341
f 339/243/339 341/264/341 342/265/342
f 343/266/343 344/267/344 345/268/345
f 344/267/344 346/269/346 345/268/345
f 347/270/347 348/271/348 349/266/349
f 348/271/348 350/267/350 349/266/349
f 351/272/351 352/273/352 353/274/353
f 351/272/351 353/274/353 354/275/354
f 355/276/355 356/277/356 357/278/357
f 356/277/356 355/276/355 358/279/358
f 359/280/359 360/281/360 361/282/361
f 362/283/362 361/282/361 360/281/360
f 360/281/360 363/284/363 362/283/362
f 363/284/363 360/281/360 364/285/364
f 365/286/365 366/287/366 367/288/367
f 368/289/368 367/288/367 366/287/366
f 366/287/366 369/290/369 368/289/368
f 369/290/369 366/287/366 370/291/370
f 371/292/371 372/293/372 373/294/373
f 372/293/372 371/292/371 374/295/374
f 374/295/374 375/296/375 372/293/372
f 375/296/375 374/295/374 376/297/376
f 377/298/377 378/299/378 379/300/379
f 378/299/378 377/298/377 380/236/380
f 381/301/381 380/236/380 377/298/377
f 380/236/380 381/301/381 382/302/382
f 383/272/383 384/303/384 385/304/385
f 384/303/384 383/272/383 386/275/386
f 387/278/387 388/305/388 389/306/389
f 388/305/388 387/278/387 390/277/390
f 391/307/391 392/308/392 393/309/393
f 391/307/391 393/309/393 394/310/394
f 395/311/395 391/307/391 394/310/394
f 391/307/391 395/311/395 396/312/396
f 395/311/395 397/313/397 396/312/396
f 398/314/398 396/312/396 397/313/397
f 399/315/399 400/316/400 401/317/401
f 400/316/400 399/315/399 402/318/402
f 403/319/403 404/320/404 405/321/405
f 404/320/404 403/319/403 406/322/406
f 407/323/407 408/324/408 409/325/409
f 408/324/408 407/323/407 410/326/410
f 410/326/410 411/327/411 408/324/408
f 411/327/411 410/326/410 412/328/412
f 413/329/413 414/330/414 415/331/415
f 414/330/414 413/329/413 416/332/416
f 416/332/416 417/333/417 414/330/414
f 417/333/417 416/332/416 418/334/418
f 419/335/419 420/336/420 421/337/421
f 420/336/420 419/335/419 422/338/422
f 423/339/423 424/340/424 425/341/425
f 426/342/426 423/339/423 425/341/425
f 424/340/424 423/339/423 427/343/427
f 423/339/423 426/342/426 428/344/428
f 429/345/429 428/344/428 426/342/426
f 428/344/428 429/345/429 430/346/430
f 428/344/428 430/346/430 431/347/431
f 432/348/432 431/347/431 430/346/430
f 430/346/430 433/349/433 432/348/432
f 433/349/433 430/346/430 434/350/434
f 435/351/435 430/346/430 429/345/429
f 435/351/435 436/352/436 437/353/437
f 436/352/436 435/351/435 438/354/438
f 435/351/435 429/345/429 438/354/438
f 427/343/427 436/352/436 424/340/424
f 436/352/436 427/343/427 437/353/437
f 439/355/439 440/356/440 441/357/441
f 439/355/439 441/357/441 442/358/442
f 443/359/443 444/360/444 445/361/445
f 443/359/443 445/361/445 446/362/446
f 447/363/447 444/360/444 443/359/443
f 444/360/444 447/363/447 448/364/448
f 449/365/449 450/366/450 451/367/451
f 451/367/451 452/368/452 449/365/449
f 450/366/450 449/365/449 453/369/453
f 452/368/452 451/367/451 454/370/454
f 455/371/455 456/372/456 457/373/457
f 457/373/457 456/372/456 458/374/458
f 459/375/459 460/376/460 461/377/461
f 461/377/461 462/378/462 459/375/459
f 463/379/463 464/380/464 465/381/465
f 465/381/465 466/382/466 463/379/463
f 467/383/467 468/384/468 469/385/469
f 470/386/470 469/385/469 468/384/468
f 469/385/469 470/386/470 471/387/471
f 472/388/472 471/387/471 470/386/470
f 473/389/473 474/390/474 475/391/475
f 473/389/473 475/391/475 476/324/476
f 476/324/476 475/391/475 477/392/477
f 476/324/476 477/392/477 478/393/478
f 479/359/479 480/360/480 481/361/481
f 479/359/479 481/361/481 482/362/482
f 483/363/483 480/360/480 479/359/479
f 480/360/480 483/363/483 484/364/484
f 485/365/485 486/366/486 487/367/487
f 487/367/487 488/368/488 485/365/485
f 486/366/486 485/365/485 489/369/489
f 488/368/488 487/367/487 490/370/490
f 491/375/491 492/378/492 493/371/493
f 491/375/491 493/371/493 494/373/494
f 495/394/495 496/395/496 497/396/497
f 497/396/497 498/397/498 495/394/495
f 495/394/495 498/397/498 499/398/499
f 495/394/495 499/398/499 500/399/500
f 499/398/499 501/334/501 500/399/500
f 500/399/500 501/334/501 502/333/502
f 503/357/503 504/374/504 505/358/505
f 504/374/504 503/357/503 506/372/506
f 507/400/507 508/401/508 509/402/509
f 509/402/509 510/403/510 507/400/507
f 510/403/510 509/402/509 511/404/511
f 511/404/511 512/405/512 510/403/510
f 513/406/513 514/407/514 515/408/515
f 514/407/514 513/406/513 516/409/516
f 513/406/513 517/410/517 516/409/516
f 513/406/513 518/411/518 517/410/517
f 519/412/519 517/410/517 518/411/518
f 518/411/518 520/413/520 519/412/519
f 521/414/521 519/412/519 520/413/520
f 519/412/519 521/414/521 522/415/522
f 523/416/523 522/415/522 521/414/521
f 523/416/523 524/417/524 525/418/525
f 523/416/523 525/418/525 526/419/526
f 522/415/522 523/416/523 526/419/526
f 527/420/527 524/417/524 528/421/528
f 524/417/524 527/420/527 525/418/525
f 515/408/515 527/420/527 528/421/528
f 527/420/527 515/408/515 514/407/514
f 529/407/529 530/418/530 531/420/531
f 529/407/529 532/419/532 530/418/530
f 532/419/532 529/407/529 533/409/533
f 534/410/534 532/419/532 533/409/533
f 532/419/532 534/410/534 535/415/535
f 535/415/535 534/410/534 536/412/536
f 537/422/537 538/423/538 539/424/539
f 538/423/538 537/422/537 540/425/540
f 541/426/541 542/427/542 543/428/543
f 541/426/541 543/428/543 544/429/544
f 545/430/545 546/431/546 547/432/547
f 545/430/545 547/432/547 548/433/548
f 549/429/549 550/434/550 551/426/551
f 552/435/552 551/426/551 550/434/550
f 553/433/553 554/436/554 555/430/555
f 556/437/556 555/430/555 554/436/554
f 557/438/557 558/439/558 559/440/559
f 557/438/557 559/440/559 560/441/560
f 561/442/561 562/443/562 563/444/563
f 562/443/562 561/442/561 564/445/564
f 565/446/565 564/445/564 561/442/561
f 564/445/564 565/446/565 566/447/566
f 567/448/567 562/443/562 564/445/564
f 562/443/562 567/448/567 568/449/568
f 568/449/568 567/448/567 569/450/569
f 568/449/568 569/450/569 570/451/570
f 569/450/569 571/452/571 570/451/570
f 563/444/563 562/443/562 572/453/572
f 573/454/573 563/444/563 572/453/572
f 573/454/573 572/453/572 574/455/574
f 573/454/573 574/455/574 575/456/575
f 576/430/576 577/431/577 578/432/578
f 576/430/576 578/432/578 579/433/579
f 580/426/580 581/427/581 582/428/582
f 580/426/580 582/428/582 583/429/583
f 584/184/584 585/180/585 586/183/586
f 584/184/584 587/181/587 585/180/585
f 588/185/588 585/180/585 587/181/587
f 585/180/585 588/185/588 589/182/589
f 590/457/590 591/458/591 592/459/592
f 590/457/590 593/460/593 591/458/591
f 594/461/594 593/460/593 590/457/590
f 594/461/594 595/462/595 593/460/593
f 596/463/596 597/464/597 598/465/598
f 597/464/597 596/463/596 599/466/599
f 600/180/600 597/464/597 599/466/599
f 601/467/601 602/446/602 603/447/603
f 601/467/601 603/447/603 604/468/604
f 604/468/604 605/469/605 601/467/601
f 605/469/605 604/468/604 606/470/606
f 605/469/605 606/470/606 607/443/607
f 605/469/605 607/443/607 608/471/608
f 609/472/609 605/469/605 608/471/608
f 605/469/605 609/472/609 610/473/610
f 609/472/609 611/474/611 610/473/610
f 612/475/612 610/473/610 611/474/611
f 613/476/613 612/475/612 614/477/614
f 612/475/612 615/478/615 614/477/614
f 615/478/615 612/475/612 611/474/611
f 611/474/611 609/472/609 615/478/615
f 614/477/614 616/479/616 613/476/613
f 617/480/617 618/481/618 616/479/616
f 613/476/613 616/479/616 618/481/618
f 618/481/618 617/480/617 619/482/619
f 619/482/619 613/476/613 618/481/618
f 606/470/606 619/482/619 617/480/617
f 606/470/606 617/480/617 620/483/620
f 607/443/607 606/470/606 620/483/620
f 621/484/621 622/485/622 623/486/623
f 622/485/622 621/484/621 624/487/624
f 624/487/624 625/488/625 622/485/622
f 625/488/625 624/487/624 626/489/626
f 627/490/627 628/491/628 629/492/629
f 628/491/628 627/490/627 630/493/630
f 631/494/631 632/495/632 633/496/633
f 632/495/632 634/497/634 633/496/633
f 635/498/635 636/499/636 637/500/637
f 638/501/638 637/500/637 636/499/636
f 639/502/639 640/503/640 641/504/641
f 639/502/639 641/504/641 642/505/642
f 643/506/643 644/507/644 645/508/645
f 646/509/646 645/508/645 644/507/644
f 645/508/645 646/509/646 647/510/647
f 648/511/648 647/510/647 646/509/646
f 649/487/649 650/512/650 651/513/651
f 649/487/649 652/514/652 650/512/650
f 653/515/653 652/514/652 649/487/649
f 653/515/653 654/516/654 652/514/652
f 655/517/655 656/518/656 657/519/657
f 657/519/657 656/518/656 658/520/658
f 659/521/659 660/522/660 661/523/661
f 659/521/659 662/524/662 660/522/660
f 663/525/663 664/526/664 665/527/665
f 663/525/663 665/527/665 666/528/666
f 667/529/667 668/530/668 669/526/669
f 667/529/667 669/526/669 670/525/670
f 671/531/671 672/532/672 673/533/673
f 672/532/672 671/531/671 674/534/674
f 674/534/674 675/535/675 672/532/672
f 675/535/675 674/534/674 676/536/676
f 677/537/677 678/538/678 679/539/679
f 679/539/679 680/540/680 677/537/677
f 678/538/678 677/537/677 681/541/681
f 680/540/680 679/539/679 682/542/682
f 683/543/683 684/544/684 685/545/685
f 686/546/686 685/545/685 684/544/684
f 687/547/687 688/548/688 689/549/689
f 688/548/688 687/547/687 690/550/690
f 691/551/691 692/552/692 693/553/693
f 692/552/692 691/551/691 694/554/694
f 692/552/692 694/554/694 695/555/695
f 695/555/695 694/554/694 696/556/696
f 697/557/697 698/558/698 699/559/699
f 698/558/698 697/557/697 700/560/700
f 699/559/699 698/558/698 701/561/701
f 699/559/699 701/561/701 702/562/702
f 703/563/703 704/564/704 705/565/705
f 705/565/705 704/564/704 706/566/706
f 707/567/707 708/568/708 709/569/709
f 708/568/708 707/567/707 710/570/710
f 711/571/711 712/572/712 713/573/713
f 712/572/712 711/571/711 714/574/714
f 715/575/715 716/576/716 717/577/717
f 718/578/718 717/577/717 716/576/716
f 717/577/717 718/578/718 719/579/719
f 720/580/720 719/579/719 718/578/718
f 721/532/721 722/581/722 723/582/723
f 721/532/721 724/583/724 722/581/722
f 725/584/725 724/583/724 721/532/721
f 725/584/725 726/585/726 724/583/724
f 727/551/727 728/552/728 729/553/729
f 728/552/728 727/551/727 730/554/730
f 728/552/728 730/554/730 731/555/731
f 731/555/731 730/554/730 732/556/732
f 733/557/733 734/558/734 735/559/735
f 734/558/734 733/557/733 736/560/736
f 735/559/735 734/558/734 737/561/737
f 735/559/735 737/561/737 738/562/738
f 739/566/739 740/564/740 741/567/741
f 739/566/739 741/567/741 742/569/742
f 743/563/743 744/549/744 745/565/745
f 744/549/744 743/563/743 746/547/746
f 747/586/747 748/587/748 749/588/749
f 748/587/748 747/586/747 750/589/750
f 751/590/751 748/587/748 750/589/750
f 751/590/751 752/591/752 748/587/748
f 753/542/753 752/591/752 751/590/751
f 754/540/754 752/591/752 753/542/753
f 755/592/755 756/593/756 757/594/757
f 756/593/756 755/592/755 758/595/758
f 759/596/759 758/595/758 755/592/755
f 758/595/758 759/596/759 760/597/760
f 761/598/761 762/599/762 763/600/763
f 762/599/762 761/598/761 764/601/764
f 763/600/763 762/599/762 765/602/765
f 765/602/765 766/603/766 763/600/763
f 765/602/765 767/604/767 766/603/766
f 768/605/768 766/603/766 767/604/767
f 768/605/768 767/604/767 769/606/769
f 769/606/769 770/607/770 768/605/768
f 770/607/770 769/606/769 771/608/771
f 771/608/771 772/609/772 770/607/770
f 773/610/773 774/611/774 775/612/775
f 775/612/775 774/611/774 776/613/776
f 777/614/777 778/615/778 779/616/779
f 778/615/778 777/614/777 780/617/780
f 780/617/780 781/618/781 778/615/778
f 781/618/781 780/617/780 782/619/782
f 782/619/782 783/620/783 781/618/781
f 783/620/783 782/619/782 784/621/784
f 783/620/783 784/621/784 785/622/785
f 783/620/783 785/622/785 786/623/786
f 785/622/785 787/624/787 786/623/786
f 788/625/788 786/623/786 787/624/787
f 789/601/789 790/600/790 791/598/791
f 790/600/790 789/601/789 792/599/792
f 790/600/790 792/599/792 793/603/793
f 793/603/793 792/599/792 794/602/794
f 794/602/794 795/605/795 793/603/793
f 794/602/794 796/604/796 795/605/795
f 796/604/796 797/607/797 795/605/795
f 797/607/797 796/604/796 798/606/798
f 798/606/798 799/609/799 797/607/797
f 800/608/800 799/609/799 798/606/798
f 801/626/801 802/627/802 803/628/803
f 803/628/803 802/627/802 804/629/804
f 805/630/805 806/631/806 807/632/807
f 805/630/805 808/633/808 806/631/806
f 809/634/809 808/633/808 805/630/805
f 809/634/809 810/635/810 808/633/808
f 810/635/810 809/634/809 811/636/811
f 812/637/812 810/635/810 811/636/811
f 813/638/813 812/637/812 811/636/811
f 813/638/813 814/639/814 812/637/812
f 813/638/813 815/640/815 814/639/814
f 815/640/815 813/638/813 816/641/816
f 817/642/817 818/643/818 819/644/819
f 818/643/818 817/642/817 820/645/820
f 821/646/821 820/645/820 817/642/817
f 820/645/820 821/646/821 822/647/822
f 823/648/823 824/649/824 825/650/825
f 824/649/824 823/648/823 826/651/826
f 827/652/827 826/651/826 823/648/823
f 826/651/826 827/652/827 828/653/828
f 829/654/829 830/655/830 831/656/831
f 830/655/830 829/654/829 832/657/832
f 833/658/833 832/657/832 829/654/829
f 832/657/832 833/658/833 834/659/834
f 835/660/835 836/661/836 837/662/837
f 836/661/836 835/660/835 838/663/838
f 839/664/839 837/662/837 836/661/836
f 837/662/837 839/664/839 840/665/840
f 841/666/841 842/667/842 843/668/843
f 842/667/842 841/666/841 844/669/844
f 845/670/845 843/668/843 842/667/842
f 843/668/843 845/670/845 846/671/846
f 847/672/847 848/673/848 849/674/849
f 848/673/848 847/672/847 850/675/850
f 851/676/851 849/674/849 848/673/848
f 849/674/849 851/676/851 852/677/852
f 853/678/853 854/679/854 855/680/855
f 853/678/853 856/681/856 854/679/854
f 857/682/857 856/681/856 853/678/853
f 856/681/856 857/682/857 858/683/858
f 854/679/854 856/681/856 859/684/859
f 855/680/855 854/679/854 860/685/860
f 861/686/861 862/687/862 863/688/863
f 861/686/861 864/689/864 862/687/862
f 865/690/865 864/689/864 861/686/861
f 864/689/864 865/690/865 866/691/866
f 862/687/862 864/689/864 867/692/867
f 867/692/867 864/689/864 868/693/868
f 869/694/869 870/695/870 871/696/871
f 870/695/870 869/694/869 872/697/872
f 872/697/872 869/694/869 873/698/873
f 870/695/870 872/697/872 874/699/874
f 870/695/870 874/699/874 875/700/875
f 871/696/871 870/695/870 876/701/876
f 877/642/877 878/643/878 879/644/879
f 878/643/878 877/642/877 880/645/880
f 881/646/881 880/645/880 877/642/877
f 880/645/880 881/646/881 882/647/882
f 883/648/883 884/649/884 885/650/885
f 884/649/884 883/648/883 886/651/886
f 887/652/887 886/651/886 883/648/883
f 886/651/886 887/652/887 888/653/888
f 889/654/889 890/655/890 891/656/891
f 890/655/890 889/654/889 892/657/892
f 893/658/893 892/657/892 889/654/889
f 892/657/892 893/658/893 894/659/894
f 895/668/895 896/670/896 897/671/897
f 896/670/896 895/668/895 898/667/898
f 898/667/898 899/666/899 900/669/900
f 899/666/899 898/667/898 895/668/895
f 901/662/901 902/664/902 903/665/903
f 902/664/902 901/662/901 904/661/904
f 904/661/904 905/660/905 906/663/906
f 905/660/905 904/661/904 901/662/901
f 907/702/907 908/703/908 909/704/909
f 908/703/908 907/702/907 910/705/910
f 910/705/910 911/706/911 912/707/912
f 911/706/911 910/705/910 907/702/907
f 913/708/913 914/709/914 915/710/915
f 913/708/913 916/711/916 914/709/914
f 916/711/916 913/708/913 917/712/917
f 917/712/917 913/708/913 918/713/918
f 919/714/919 914/709/914 916/711/916
f 914/709/914 919/714/919 920/715/920
f 921/716/921 922/717/922 923/718/923
f 922/717/922 921/716/921 924/719/924
f 921/716/921 925/720/925 924/719/924
f 925/720/925 921/716/921 926/721/926
f 926/721/926 921/716/921 927/722/927
f 924/719/924 925/720/925 928/723/928
f 929/724/929 930/725/930 931/726/931
f 932/727/932 930/725/930 929/724/929
f 933/728/933 930/725/930 932/727/932
f 933/728/933 932/727/932 934/729/934
f 935/730/935 930/725/930 933/728/933
f 930/725/930 935/730/935 936/731/936
usemtl mat2
f 937/732/937 938/733/938 939/734/939
f 937/732/937 940/735/940 938/733/938
f 941/736/941 940/735/940 937/732/937
f 940/735/940 941/736/941 942/737/942
f 943/738/943 944/739/944 945/740/945
f 944/739/944 946/741/946 945/740/945
f 946/741/946 944/739/944 947/742/947
f 948/743/948 949/744/949 950/745/950
f 951/746/951 949/744/949 948/743/948
f 952/744/952 953/747/953 954/748/954
f 953/747/953 952/744/952 955/746/955
f 956/743/956 957/744/957 958/745/958
f 959/746/959 957/744/957 956/743/956
f 960/744/960 961/747/961 962/748/962
f 961/747/961 960/744/960 963/746/963
f 964/749/964 965/750/965 966/751/966
f 964/749/964 966/751/966 967/752/967
f 968/753/968 969/754/969 970/755/970
f 968/753/968 970/755/970 971/756/971
f 972/757/972 973/758/973 974/759/974
f 972/757/972 974/759/974 975/760/975
f 976/761/976 977/762/977 978/763/978
f 979/764/979 978/763/978 977/762/977
f 980/765/980 981/766/981 982/767/982
f 981/766/981 980/765/980 983/768/983
f 984/769/984 985/770/985 986/771/986
f 986/771/986 985/770/985 987/772/987
f 988/773/988 989/774/989 990/775/990
f 988/773/988 990/775/990 991/776/991
f 992/777/992 993/778/993 994/779/994
f 992/777/992 994/779/994 995/780/995
f 996/781/996 997/782/997 998/783/998
f 999/784/999 998/783/998 997/782/997
f 1000/772/1000 1001/771/1001 1002/770/1002
f 1002/770/1002 1001/771/1001 1003/769/1003
f 1004/785/1004 1005/786/1005 1006/787/1006
f 1004/785/1004 1006/787/1006 1007/788/1007
f 1008/789/1008 1009/790/1009 1010/791/1010
f 1008/789/1008 1010/791/1010 1011/792/1011
f 1012/793/1012 1013/794/1013 1014/795/1014
f 1013/794/1013 1012/793/1012 1015/796/1015
f 1016/797/1016 1017/798/1017 1018/799/1018
f 1017/798/1017 1016/797/1016 1019/800/1019
f 1020/801/1020 1021/802/1021 1022/803/1022
f 1020/801/1020 1022/803/1022 1023/804/1023
f 1024/805/1024 1021/802/1021 1020/801/1020
f 1021/802/1021 1024/805/1024 1025/806/1025
f 1026/807/1026 1027/808/1027 1028/809/1028
f 1027/808/1027 1026/807/1026 1029/810/1029
f 1027/808/1027 1029/810/1029 1030/811/1030
f 1031/746/1031 1032/745/1032 1033/743/1033
f 1032/745/1032 1031/746/1031 1034/744/1034
f 1035/747/1035 1036/748/1036 1037/746/1037
f 1037/746/1037 1036/748/1036 1038/744/1038
f 1039/746/1039 1040/745/1040 1041/743/1041
f 1040/745/1040 1039/746/1039 1042/744/1042
f 1043/747/1043 1044/748/1044 1045/746/1045
f 1045/746/1045 1044/748/1044 1046/744/1046
f 1047/766/1047 1048/765/1048 1049/768/1049
f 1048/765/1048 1047/766/1047 1050/767/1050
f 1051/812/1051 1052/813/1052 1053/814/1053
f 1051/812/1051 1053/814/1053 1054/815/1054
f 1055/816/1055 1056/817/1056 1057/818/1057
f 1055/816/1055 1057/818/1057 1058/819/1058
f 1059/820/1059 1060/821/1060 1061/822/1061
f 1059/820/1059 1061/822/1061 1062/823/1062
f 1063/824/1063 1064/825/1064 1065/826/1065
f 1064/825/1064 1063/824/1063 1066/827/1066
f 1063/824/1063 1067/828/1067 1066/827/1066
f 1066/827/1066 1067/828/1067 1068/829/1068
f 1069/830/1069 1070/831/1070 1071/832/1071
f 1070/831/1070 1069/830/1069 1072/833/1072
f 1069/830/1069 1073/834/1073 1072/833/1072
f 1072/833/1072 1073/834/1073 1074/835/1074
usemtl mat3
f 1075/836/1075 1076/837/1076 1077/838/1077
f 1078/839/1078 1077/838/1077 1076/837/1076
f 1079/840/1079 1080/841/1080 1081/842/1081
f 1080/841/1080 1082/843/1082 1081/842/1081
f 1082/843/1082 1080/841/1080 1083/844/1083
f 1079/840/1079 1081/842/1081 1084/845/1084
f 1085/846/1085 1086/847/1086 1087/848/1087
f 1087/848/1087 1088/849/1088 1085/846/1085
f 1089/842/1089 1090/844/1090 1091/843/1091
f 1092/845/1092 1090/844/1090 1089/842/1089
f 1090/844/1090 1092/845/1092 1093/840/1093
f 1093/840/1093 1094/841/1094 1090/844/1090
f 1093/840/1093 1095/850/1095 1094/841/1094
f 1096/851/1096 1094/841/1094 1095/850/1095
f 1096/851/1096 1095/850/1095 1097/852/1097
f 1097/852/1097 1098/853/1098 1096/851/1096
f 1098/853/1098 1097/852/1097 1099/854/1099
f 1099/854/1099 1100/855/1100 1098/853/1098
# Vertices: 892, normals: 892, texture coordinates: 706, faces: 594

o obj3
v 1.0117811 0.29928702 -0.13364351
v 1.0133512 0.20545368 0.16823649
v 1.01289618 0.2070692 -0.19667782
v 1.01207983 0.29822642 0.10588592
v 0.59084117 0.05825128 -0.18296644
v 0.5912618 0.05675794 0.15437356
v 0.5920344 -0.03424393 -0.18330838
v 0.59245503 -0.03573735 0.1540319
v -1.23245525 0.08764513 0.00364985
v -1.23351622 0.17967103 0.10997319
v -1.23364854 0.18014042 0.00399179
v -1.23231268 0.0871392 0.11795016
v -1.23288774 0.13331179 0.13519445
v -1.09489179 0.297144 -0.10219714
v -1.07367516 0.32909667 0.06042514
v -1.07385445 0.32973301 -0.08329191
v -1.09466577 0.2963413 0.07913679
v -1.073066 0.26515305 -0.12114677
v -1.07279301 0.26418424 0.09780134
v -1.09489179 0.297144 -0.10219714
v -1.09466577 0.2963413 0.07913679
v -0.80953795 0.30111557 -0.10250156
v -0.78832155 0.33306795 0.06012077
v -0.78850061 0.33370405 -0.08359648
v -0.80931193 0.30031276 0.0788324
v -0.78771251 0.26912469 -0.12145112
v -0.78743941 0.26815552 0.09749681
v -0.80953795 0.30111557 -0.10250156
v -0.80931193 0.30031276 0.0788324
v 0.34252214 -0.03771634 -0.18304192
v 0.5920344 -0.03424393 -0.18330838
v 0.59245503 -0.03573735 0.1540319
v 0.34294277 -0.03920998 0.1542981
v 0.59084117 0.05825128 -0.18296644
v 0.34252214 -0.03771634 -0.18304192
v 0.34132895 0.05477865 -0.1827001
v 0.5920344 -0.03424393 -0.18330838
v 1.0117811 0.29928702 -0.13364351
v 0.46592814 0.19945709 -0.19609423
v 0.46481302 0.29167467 -0.13305987
v 1.01289618 0.2070692 -0.19667782
v 0.5912618 0.05675794 0.15437356
v 0.34174955 0.05328535 0.15464003
v 0.59245503 -0.03573735 0.1540319
v 0.34294277 -0.03920998 0.1542981
v -0.78850061 0.33370405 -0.08359648
v -0.78771251 0.26912469 -0.12145112
v -0.80953795 0.30111557 -0.10250156
v -0.57339364 0.27210689 -0.12168004
v -0.57418197 0.33668661 -0.08382516
v -0.5523563 0.30469424 -0.10277613
v -1.07385445 0.32973301 -0.08329191
v -1.073066 0.26515305 -0.12114677
v -1.09489179 0.297144 -0.10219714
v -0.85874718 0.26813602 -0.12137546
v -0.85953563 0.33271533 -0.08352064
v -0.83770996 0.30072343 -0.10247156
v -0.57418197 0.33668661 -0.08382516
v -0.78850061 0.33370405 -0.08359648
v -0.78832155 0.33306795 0.06012077
v -0.5740028 0.33605051 0.0598919
v -0.85953563 0.33271533 -0.08352064
v -1.07385445 0.32973301 -0.08329191
v -1.07367516 0.32909667 0.06042514
v -0.85935634 0.33207923 0.06019643
v -0.26174015 0.19366615 0.00295454
v -0.26160794 0.19319709 0.10893607
v -0.26054698 0.10117076 0.00261274
v -0.26040441 0.10066448 0.1169129
v -0.26097971 0.14683716 0.13415734
v -1.23245525 0.08764513 0.00364985
v -0.26054698 0.10117076 0.00261274
v -0.26040441 0.10066448 0.1169129
v -1.23231268 0.0871392 0.11795016
v 1.01207983 0.29822642 0.10588592
v 0.46511173 0.2906146 0.10646968
v 1.0133512 0.20545368 0.16823649
v 0.46638316 0.19784166 0.16882026
v -0.78743941 0.26815552 0.09749681
v -0.5740028 0.33605051 0.0598919
v -0.78832155 0.33306795 0.06012077
v -0.80931193 0.30031276 0.0788324
v -0.57312065 0.27113771 0.09726812
v -0.55213016 0.30389214 0.07855782
v -1.07279301 0.26418424 0.09780134
v -0.85935634 0.33207923 0.06019643
v -1.07367516 0.32909667 0.06042514
v -1.09466577 0.2963413 0.07913679
v -0.8584742 0.26716655 0.0975728
v -0.83748382 0.29992062 0.07886235
v -0.26160794 0.19319709 0.10893607
v -1.23351622 0.17967103 0.10997319
v -0.26097971 0.14683716 0.13415734
v -1.23288774 0.13331179 0.13519445
v -0.26040441 0.10066448 0.1169129
v -1.23231268 0.0871392 0.11795016
v 1.0117811 0.29928702 -0.13364351
v 0.46481302 0.29167467 -0.13305987
v 0.46511173 0.2906146 0.10646968
v 1.01207983 0.29822642 0.10588592
v 0.46592814 0.19945709 -0.19609423
v 1.01289618 0.2070692 -0.19667782
v 1.0133512 0.20545368 0.16823649
v 0.46638316 0.19784166 0.16882026
v -0.26174015 0.19366615 0.00295454
v -1.23245525 0.08764513 0.00364985
v -1.23364854 0.18014042 0.00399179
v -0.26054698 0.10117076 0.00261274
v -0.26174015 0.19366615 0.00295454
v -1.23364854 0.18014042 0.00399179
v -1.23351622 0.17967103 0.10997319
v -0.26160794 0.19319709 0.10893607
v -0.78771251 0.26912469 -0.12145112
v -0.57339364 0.27210689 -0.12168004
v -0.57312065 0.27113771 0.09726812
v -0.78743941 0.26815552 0.09749681
v -1.073066 0.26515305 -0.12114677
v -0.85874718 0.26813602 -0.12137546
v -0.8584742 0.26716655 0.0975728
v -1.07279301 0.26418424 0.09780134
v -0.5740028 0.33605051 0.0598919
v -0.5523563 0.30469424 -0.10277613
v -0.57418197 0.33668661 -0.08382516
v -0.55213016 0.30389214 0.07855782
v 0.59084117 0.05825128 -0.18296644
v 0.34132895 0.05477865 -0.1827001
v 0.34174955 0.05328535 0.15464003
v 0.5912618 0.05675794 0.15437356
v -0.5523563 0.30469424 -0.10277613
v -0.57312065 0.27113771 0.09726812
v -0.57339364 0.27210689 -0.12168004
v -0.55213016 0.30389214 0.07855782
v -0.85935634 0.33207923 0.06019643
v -0.83770996 0.30072343 -0.10247156
v -0.85953563 0.33271533 -0.08352064
v -0.83748382 0.29992062 0.07886235
v -0.83770996 0.30072343 -0.10247156
v -0.8584742 0.26716655 0.0975728
v -0.85874718 0.26813602 -0.12137546
v -0.83748382 0.29992062 0.07886235
v 0.34252214 -0.03771634 -0.18304192
v 0.34294277 -0.03920998 0.1542981
v 0.34132895 0.05477865 -0.1827001
v 0.34174955 0.05328535 0.15464003
v 0.46592814 0.19945709 -0.19609423
v 0.46511173 0.2906146 0.10646968
v 0.46481302 0.29167467 -0.13305987
v 0.46638316 0.19784166 0.16882026
vn 0.99992 0.0129 -0.00119
vn 0.99992 0.0129 -0.00119
vn 0.99992 0.01291 -0.00119
vn 0.99992 0.0129 -0.00119
vn 0.99992 0.0129 -0.00119
vn 0.99992 0.0129 -0.00119
vn 0.99992 0.0129 -0.00119
vn 0.99992 0.0129 -0.00119
vn -0.99992 -0.0129 0.00119
vn -0.99992 -0.0129 0.00119
vn -0.99992 -0.0129 0.00119
vn -0.99992 -0.0129 0.00119
vn -0.99992 -0.0129 0.0012
vn -0.84105 0.54094 0.00344
vn -0.84106 0.54094 0.00344
vn -0.84105 0.54094 0.00344
vn -0.84106 0.54094 0.00344
vn -0.82646 -0.56299 -0.00146
vn -0.82646 -0.56299 -0.00146
vn -0.82646 -0.56299 -0.00146
vn -0.82646 -0.563 -0.00146
vn -0.84105 0.54094 0.00344
vn -0.84106 0.54094 0.00344
vn -0.84105 0.54094 0.00344
vn -0.84106 0.54094 0.00344
vn -0.82647 -0.56298 -0.00146
vn -0.82646 -0.56299 -0.00146
vn -0.82647 -0.56298 -0.00146
vn -0.82646 -0.56299 -0.00146
vn 0.01391 -0.99989 -0.00444
vn 0.01391 -0.99989 -0.00444
vn 0.01391 -0.99989 -0.00444
vn 0.01391 -0.99989 -0.00444
vn -0.00112 0.00368 -0.99999
vn -0.00112 0.00368 -0.99999
vn -0.00112 0.00368 -0.99999
vn -0.00112 0.00368 -0.99999
vn -0.00873 0.56421 -0.82558
vn -0.00873 0.56421 -0.82558
vn -0.00873 0.56421 -0.82558
vn -0.00873 0.56421 -0.82558
vn 0.00112 -0.00368 0.99999
vn 0.00112 -0.00368 0.99999
vn 0.00112 -0.00368 0.99999
vn 0.00112 -0.00368 0.99999
vn -0.00795 0.50561 -0.86273
vn -0.00795 0.50561 -0.86273
vn -0.00794 0.50561 -0.86273
vn -0.00796 0.50561 -0.86273
vn -0.00796 0.50561 -0.86273
vn -0.00797 0.50561 -0.86273
vn -0.00796 0.50561 -0.86273
vn -0.00796 0.50561 -0.86273
vn -0.00795 0.50561 -0.86273
vn -0.00796 0.50561 -0.86273
vn -0.00796 0.50561 -0.86272
vn -0.00797 0.50561 -0.86272
vn -0.01391 0.99989 0.00444
vn -0.01391 0.99989 0.00444
vn -0.01391 0.99989 0.00444
vn -0.01391 0.99989 0.00444
vn -0.01391 0.99989 0.00444
vn -0.01391 0.99989 0.00444
vn -0.01391 0.99989 0.00444
vn -0.01391 0.99989 0.00444
vn 0.99992 0.0129 -0.00119
vn 0.99992 0.0129 -0.00119
vn 0.99992 0.0129 -0.00119
vn 0.99992 0.0129 -0.00119
vn 0.99992 0.0129 -0.00119
vn 0.01391 -0.99989 -0.00444
vn 0.01391 -0.99989 -0.00445
vn 0.01391 -0.99989 -0.00445
vn 0.01391 -0.99989 -0.00444
vn -0.00688 0.55773 0.83
vn -0.00688 0.55773 0.83
vn -0.00688 0.55773 0.83
vn -0.00688 0.55773 0.83
vn -0.00601 0.49892 0.86663
vn -0.00602 0.49892 0.86663
vn -0.00601 0.49892 0.86663
vn -0.006 0.49892 0.86663
vn -0.00602 0.49892 0.86663
vn -0.00604 0.49892 0.86663
vn -0.00602 0.49892 0.86663
vn -0.00602 0.49892 0.86663
vn -0.00602 0.49892 0.86663
vn -0.00601 0.49892 0.86663
vn -0.00602 0.49892 0.86663
vn -0.00603 0.49892 0.86663
vn -0.00571 0.47782 0.87844
vn -0.00571 0.47783 0.87844
vn -7E-05 0.08189 0.99664
vn -5E-05 0.08136 0.99668
vn 0.00587 -0.3498 0.93681
vn 0.00587 -0.3498 0.93681
vn -0.01391 0.99989 0.00444
vn -0.01391 0.99989 0.00444
vn -0.01391 0.99989 0.00444
vn -0.01391 0.99989 0.00444
vn 0.01391 -0.99989 -0.00444
vn 0.01391 -0.99989 -0.00444
vn 0.01391 -0.99989 -0.00444
vn 0.01391 -0.99989 -0.00444
vn -0.00112 0.00368 -0.99999
vn -0.00112 0.00368 -0.99999
vn -0.00112 0.00368 -0.99999
vn -0.00112 0.00368 -0.99999
vn -0.01391 0.99989 0.00444
vn -0.01391 0.99989 0.00445
vn -0.01391 0.99989 0.00445
vn -0.01391 0.99989 0.00444
vn 0.01391 -0.99989 -0.00444
vn 0.01391 -0.99989 -0.00444
vn 0.01391 -0.99989 -0.00444
vn 0.01391 -0.99989 -0.00444
vn 0.01391 -0.99989 -0.00444
vn 0.01391 -0.99989 -0.00444
vn 0.01391 -0.99989 -0.00444
vn 0.01391 -0.99989 -0.00444
vn 0.82647 0.56297 0.00146
vn 0.82648 0.56297 0.00146
vn 0.82648 0.56297 0.00146
vn 0.82647 0.56297 0.00146
vn -0.01391 0.99989 0.00444
vn -0.01391 0.99989 0.00444
vn -0.01391 0.99989 0.00444
vn -0.01391 0.99989 0.00444
vn 0.84105 -0.54095 -0.00344
vn 0.84105 -0.54095 -0.00344
vn 0.84104 -0.54095 -0.00344
vn 0.84105 -0.54095 -0.00344
vn 0.82647 0.56297 0.00146
vn 0.82647 0.56297 0.00146
vn 0.82647 0.56297 0.00146
vn 0.82647 0.56297 0.00146
vn 0.84105 -0.54095 -0.00344
vn 0.84105 -0.54095 -0.00344
vn 0.84105 -0.54095 -0.00344
vn 0.84105 -0.54095 -0.00344
vn -0.99992 -0.0129 0.00119
vn -0.99992 -0.0129 0.00119
vn -0.99992 -0.0129 0.00119
vn -0.99992 -0.0129 0.00119
vn -0.99992 -0.0129 0.00119
vn -0.99992 -0.0129 0.00119
vn -0.99992 -0.0129 0.00119
vn -0.99992 -0.0129 0.00119
vt 0 0
usemtl mat4
f 1101/856/1101 1102/856/1102 1103/856/1103
f 1102/856/1102 1101/856/1101 1104/856/1104
f 1105/856/1105 1106/856/1106 1107/856/1107
f 1107/856/1107 1106/856/1106 1108/856/1108
f 1109/856/1109 1110/856/1110 1111/856/1111
f 1110/856/1110 1109/856/1109 1112/856/1112
f 1110/856/1110 1112/856/1112 1113/856/1113
f 1114/856/1114 1115/856/1115 1116/856/1116
f 1115/856/1115 1114/856/1114 1117/856/1117
f 1118/856/1118 1119/856/1119 1120/856/1120
f 1120/856/1120 1119/856/1119 1121/856/1121
f 1122/856/1122 1123/856/1123 1124/856/1124
f 1123/856/1123 1122/856/1122 1125/856/1125
f 1126/856/1126 1127/856/1127 1128/856/1128
f 1128/856/1128 1127/856/1127 1129/856/1129
f 1130/856/1130 1131/856/1131 1132/856/1132
f 1130/856/1130 1132/856/1132 1133/856/1133
f 1134/856/1134 1135/856/1135 1136/856/1136
f 1135/856/1135 1134/856/1134 1137/856/1137
f 1138/856/1138 1139/856/1139 1140/856/1140
f 1139/856/1139 1138/856/1138 1141/856/1141
f 1142/856/1142 1143/856/1143 1144/856/1144
f 1145/856/1145 1144/856/1144 1143/856/1143
f 1146/856/1146 1147/856/1147 1148/856/1148
f 1147/856/1147 1146/856/1146 1149/856/1149
f 1146/856/1146 1150/856/1150 1149/856/1149
f 1149/856/1149 1150/856/1150 1151/856/1151
f 1152/856/1152 1153/856/1153 1154/856/1154
f 1153/856/1153 1152/856/1152 1155/856/1155
f 1152/856/1152 1156/856/1156 1155/856/1155
f 1155/856/1155 1156/856/1156 1157/856/1157
f 1158/856/1158 1159/856/1159 1160/856/1160
f 1158/856/1158 1160/856/1160 1161/856/1161
f 1162/856/1162 1163/856/1163 1164/856/1164
f 1162/856/1162 1164/856/1164 1165/856/1165
f 1166/856/1166 1167/856/1167 1168/856/1168
f 1167/856/1167 1169/856/1169 1168/856/1168
f 1169/856/1169 1167/856/1167 1170/856/1170
f 1171/856/1171 1172/856/1172 1173/856/1173
f 1171/856/1171 1173/856/1173 1174/856/1174
f 1175/856/1175 1176/856/1176 1177/856/1177
f 1178/856/1178 1177/856/1177 1176/856/1176
f 1179/856/1179 1180/856/1180 1181/856/1181
f 1179/856/1179 1181/856/1181 1182/856/1182
f 1183/856/1183 1180/856/1180 1179/856/1179
f 1180/856/1180 1183/856/1183 1184/856/1184
f 1185/856/1185 1186/856/1186 1187/856/1187
f 1185/856/1185 1187/856/1187 1188/856/1188
f 1189/856/1189 1186/856/1186 1185/856/1185
f 1186/856/1186 1189/856/1189 1190/856/1190
f 1191/856/1191 1192/856/1192 1193/856/1193
f 1194/856/1194 1193/856/1193 1192/856/1192
f 1193/856/1193 1194/856/1194 1195/856/1195
f 1196/856/1196 1195/856/1195 1194/856/1194
f 1197/856/1197 1198/856/1198 1199/856/1199
f 1197/856/1197 1199/856/1199 1200/856/1200
f 1201/856/1201 1202/856/1202 1203/856/1203
f 1201/856/1201 1203/856/1203 1204/856/1204
f 1205/856/1205 1206/856/1206 1207/856/1207
f 1206/856/1206 1205/856/1205 1208/856/1208
f 1209/856/1209 1210/856/1210 1211/856/1211
f 1209/856/1209 1211/856/1211 1212/856/1212
f 1213/856/1213 1214/856/1214 1215/856/1215
f 1213/856/1213 1215/856/1215 1216/856/1216
f 1217/856/1217 1218/856/1218 1219/856/1219
f 1217/856/1217 1219/856/1219 1220/856/1220
f 1221/856/1221 1222/856/1222 1223/856/1223
f 1224/856/1224 1222/856/1222 1221/856/1221
f 1225/856/1225 1226/856/1226 1227/856/1227
f 1225/856/1225 1227/856/1227 1228/856/1228
f 1229/856/1229 1230/856/1230 1231/856/1231
f 1230/856/1230 1229/856/1229 1232/856/1232
f 1233/856/1233 1234/856/1234 1235/856/1235
f 1236/856/1236 1234/856/1234 1233/856/1233
f 1237/856/1237 1238/856/1238 1239/856/1239
f 1238/856/1238 1237/856/1237 1240/856/1240
f 1241/856/1241 1242/856/1242 1243/856/1243
f 1243/856/1243 1242/856/1242 1244/856/1244
f 1245/856/1245 1246/856/1246 1247/856/1247
f 1246/856/1246 1245/856/1245 1248/856/1248
# Vertices: 148, normals: 148, texture coordinates: 1, faces: 80

